GAS,ID,MARKET_DOMAIN_DESCR,MOD_VOLUME_CONSUMPTION,Sum of Sales_CR,TIMESTAMP - Month,TIMESTAMP - Year,ZIPcode,new_GAS,new_MARKET_DOMAIN_DESCR,new_TIMESTAMP - Month
OX,15.0,Others,4418.990766,0.148744522,December,2015,1098.0,3,5,2
OX,15.0,Others,45856.219939999995,0.148744522,December,2016,1098.0,3,5,2
NI,19.0,Chemicals,8886.312726,1.311563185,December,2015,6099.0,2,1,2
NI,19.0,Chemicals,19603.78632,1.311563185,December,2016,6099.0,2,1,2
NI,48.0,A&F,209372.2318,-0.13991210699999998,December,2015,4692.0,2,0,2
NI,50.0,T&R,211838.633,-0.216252387,December,2015,1386.0,2,6,2
NI,58.0,F&P,10642.50907,-0.5493979520000001,December,2015,1284.0,2,2,2
NI,58.0,F&P,38539.66009,-0.5493979520000001,December,2016,1284.0,2,2,2
AR,66.0,Others,84946.89367,2.20539035,December,2015,5288.0,0,5,2
AR,66.0,Others,461496.698,2.20539035,December,2016,5288.0,0,5,2
NI,103.0,T&R,110323.1966,-0.248480234,December,2015,5690.0,2,6,2
NI,133.0,F&P,9672.31941,-0.48359058200000005,December,2015,6373.0,2,2,2
NI,133.0,F&P,65194.49335,-0.48359058200000005,December,2016,6373.0,2,2,2
NI,144.0,Others,47676.04176,0.44793793,December,2015,1098.0,2,5,2
NI,145.0,T&R,77694.71497,1.528726399,December,2015,3492.0,2,6,2
NI,148.0,T&R,158653.5083,-0.388741622,December,2015,5287.0,2,6,2
NI,148.0,T&R,464357.1071,-0.388741622,December,2016,5287.0,2,6,2
NI,178.0,T&R,4217.3113920000005,0.398252362,December,2015,3492.0,2,6,2
NI,178.0,T&R,48760.3221,0.398252362,December,2016,3492.0,2,6,2
NI,219.0,A&F,30438.51698,-0.13991210699999998,December,2015,4692.0,2,0,2
NI,228.0,T&R,65109.627,-0.5064954770000001,December,2015,6291.0,2,6,2
NI,240.0,T&R,13902.62475,-0.5570986960000001,December,2015,0.0,2,6,2
NI,244.0,Others,26894.57775,-0.510435148,December,2015,4988.0,2,5,2
NI,244.0,Others,174501.2767,-0.510435148,December,2016,4988.0,2,5,2
NI,270.0,T&R,8252.168688,-0.388741622,December,2015,5287.0,2,6,2
NI,270.0,T&R,26239.39147,-0.388741622,December,2016,5287.0,2,6,2
OX,272.0,MD,5332.5065700000005,-0.475529975,December,2015,5746.0,3,4,2
OX,272.0,MD,27784.370069999997,-0.475529975,December,2016,5746.0,3,4,2
NI,278.0,T&R,8653.680801999999,-0.47158435299999996,December,2015,1399.0,2,6,2
NI,288.0,F&P,75285.29375,-0.551440209,December,2015,7389.0,2,2,2
NI,288.0,F&P,115663.8549,-0.551440209,December,2016,7389.0,2,2,2
NI,343.0,T&R,205635.6428,0.544737119,December,2015,3492.0,2,6,2
NI,345.0,T&R,152606.1109,1.528726399,December,2015,3492.0,2,6,2
NI,345.0,T&R,443107.3802,1.528726399,December,2016,3492.0,2,6,2
NI,348.0,T&R,677045.2802,0.84524383,December,2015,7687.0,2,6,2
NI,348.0,T&R,910953.5169,0.84524383,December,2016,7687.0,2,6,2
NI,361.0,T&R,622768.1351,-0.072595609,December,2015,0.0,2,6,2
CB,370.0,T&R,1315.181935,-0.595282627,December,2015,1098.0,1,6,2
CB,370.0,T&R,382064.8452,-0.595282627,December,2016,1098.0,1,6,2
OX,378.0,F&P,29657.39357,-0.48359058200000005,December,2015,6373.0,3,2,2
OX,378.0,F&P,43968.31032,-0.48359058200000005,December,2016,6373.0,3,2,2
NI,403.0,T&R,667970.7738,-0.04274655,December,2015,0.0,2,6,2
NI,440.0,F&P,389381.6534,0.39379728,December,2015,6374.0,2,2,2
NI,440.0,F&P,2421271.527,0.39379728,December,2016,6374.0,2,2,2
CB,441.0,F&P,1846.32,-0.596043488,December,2015,6374.0,1,2,2
CB,441.0,F&P,53022.04,-0.596043488,December,2016,6374.0,1,2,2
NI,455.0,Others,20530.12133,0.148744522,December,2015,1098.0,2,5,2
CB,460.0,F&P,9313.24,-0.600047373,December,2015,6373.0,1,2,2
CB,460.0,F&P,12180.06,-0.600047373,December,2016,6373.0,1,2,2
NI,518.0,M&E,42108.23838,-0.570296751,December,2015,6375.0,2,3,2
NI,520.0,T&R,350112.5381,0.922319133,December,2015,1190.0,2,6,2
NI,532.0,T&R,152842.8645,4.276620451,December,2015,7574.0,2,6,2
NI,540.0,T&R,117482.4912,1.904847873,December,2015,7684.0,2,6,2
NI,560.0,A&F,265669.1151,-0.409902106,December,2016,4987.0,2,0,2
NI,560.0,A&F,293886.0847,-0.409902106,December,2015,4987.0,2,0,2
NI,562.0,A&F,208513.0458,-0.43120708399999996,December,2015,6277.0,2,0,2
NI,590.0,T&R,32163.5538,-0.504896735,December,2015,7382.0,2,6,2
AR,612.0,A&F,108746.4624,-0.337577921,December,2015,7975.0,0,0,2
AR,612.0,A&F,135521.8134,-0.337577921,December,2016,7975.0,0,0,2
NI,622.0,M&E,318099.1523,0.126202049,December,2015,986.0,2,3,2
NI,644.0,A&F,61076.43516,0.110949466,December,2015,4692.0,2,0,2
NI,644.0,A&F,498283.617,0.110949466,December,2016,4692.0,2,0,2
NI,658.0,T&R,201270.611,-0.218889833,December,2015,7684.0,2,6,2
NI,671.0,T&R,164445.7531,4.276620451,December,2015,7574.0,2,6,2
NI,747.0,M&E,91916.91689,-0.31988600899999997,December,2015,897.0,2,3,2
CB,766.0,T&R,2997.250769,-0.599049996,December,2015,7392.0,1,6,2
CB,766.0,T&R,3687.93,-0.599049996,December,2016,7392.0,1,6,2
NI,772.0,M&E,32492.46833,-0.563647915,December,2015,791.0,2,3,2
OX,780.0,Others,381.5120933,-0.592797347,December,2015,1098.0,3,5,2
OX,780.0,Others,4689.755992,-0.592797347,December,2016,1098.0,3,5,2
CB,873.0,M&E,93406.36563,-0.5482839620000001,December,2015,6099.0,1,3,2
CB,873.0,M&E,693917.3352,-0.5482839620000001,December,2016,6099.0,1,3,2
NI,920.0,F&P,2964.621266,-0.51263139,December,2015,1174.0,2,2,2
NI,920.0,F&P,34908.87197,-0.51263139,December,2016,1174.0,2,2,2
NI,925.0,T&R,120663.0125,0.149272784,December,2015,5696.0,2,6,2
NI,925.0,T&R,860145.7578,0.149272784,December,2016,5696.0,2,6,2
NI,955.0,T&R,95958.27173,-0.119736566,December,2015,1182.0,2,6,2
NI,955.0,T&R,336233.7292,-0.119736566,December,2016,1182.0,2,6,2
NI,983.0,A&F,34819.90196,-0.409902106,December,2016,4987.0,2,0,2
NI,983.0,A&F,37326.8183,-0.409902106,December,2015,4987.0,2,0,2
NI,994.0,M&E,98415.89211,-0.445163105,December,2015,6275.0,2,3,2
NI,994.0,M&E,320822.6586,-0.445163105,December,2016,6275.0,2,3,2
NI,1009.0,T&R,13586.59411,-0.47158435299999996,December,2015,1399.0,2,6,2
OX,1030.0,A&F,23194.1124,-0.5190491279999999,December,2015,992.0,3,0,2
OX,1031.0,A&F,44315.8719,-0.481100818,December,2015,992.0,3,0,2
CB,1032.0,A&F,48879.2496,-0.597714245,December,2015,992.0,1,0,2
CB,1032.0,A&F,940510.5731,-0.597714245,December,2016,992.0,1,0,2
CB,1033.0,A&F,75825.6306,-0.597714245,December,2015,992.0,1,0,2
CB,1033.0,A&F,991214.7429,-0.597714245,December,2016,992.0,1,0,2
NI,1035.0,T&R,18730.95709,1.904847873,December,2015,7684.0,2,6,2
NI,1039.0,F&P,209735.2938,-0.525729332,December,2015,6373.0,2,2,2
NI,1039.0,F&P,358113.667,-0.525729332,December,2016,6373.0,2,2,2
CB,1042.0,M&E,64404.181829999994,-0.5482839620000001,December,2015,6099.0,1,3,2
CB,1042.0,M&E,447024.9218,-0.5482839620000001,December,2016,6099.0,1,3,2
CB,1043.0,M&E,58456.41414,-0.5482839620000001,December,2015,6099.0,1,3,2
CB,1043.0,M&E,374318.2227,-0.5482839620000001,December,2016,6099.0,1,3,2
CB,1044.0,F&P,15460.8576,-0.59842733,December,2015,6373.0,1,2,2
CB,1044.0,F&P,106203.4131,-0.59842733,December,2016,6373.0,1,2,2
NI,1071.0,T&R,360426.7547,1.528726399,December,2015,3492.0,2,6,2
NI,1071.0,T&R,2332416.722,1.528726399,December,2016,3492.0,2,6,2
NI,1090.0,M&E,6332.276999999999,-0.577914489,December,2015,6099.0,2,3,2
NI,1090.0,M&E,11459.465970000001,-0.577914489,December,2016,6099.0,2,3,2
CB,1095.0,F&P,10362.81835,-0.600047373,December,2015,6373.0,1,2,2
CB,1095.0,F&P,11788.744920000001,-0.600047373,December,2016,6373.0,1,2,2
OX,1098.0,MD,9751.638071,-0.55194918,December,2016,2085.0,3,4,2
NI,1099.0,M&E,202241.8538,-0.38278445899999997,December,2015,1386.0,2,3,2
NI,1099.0,M&E,699124.3184,-0.38278445899999997,December,2016,1386.0,2,3,2
OX,1100.0,MD,355.781983,-0.579988151,December,2015,5295.0,3,4,2
OX,1100.0,MD,8851.139633,-0.579988151,December,2016,5295.0,3,4,2
NI,1106.0,T&R,336825.165,4.276620451,December,2015,7574.0,2,6,2
NI,1107.0,T&R,137062.4781,-0.388741622,December,2015,5287.0,2,6,2
NI,1107.0,T&R,195592.6231,-0.388741622,December,2016,5287.0,2,6,2
NI,1111.0,F&P,25913.88734,-0.505484568,December,2015,6370.0,2,2,2
NI,1111.0,F&P,78251.94,-0.505484568,December,2016,6370.0,2,2,2
CB,1112.0,F&P,6273.336646,-0.5908087329999999,December,2015,1174.0,1,2,2
CB,1112.0,F&P,10521.46932,-0.5908087329999999,December,2016,1174.0,1,2,2
OX,1116.0,MD,34934.05195,-0.542085947,December,2015,6096.0,3,4,2
OX,1116.0,MD,77286.98386000001,-0.542085947,December,2016,6096.0,3,4,2
OX,1117.0,MD,1618.0215640000001,-0.542085947,December,2015,6096.0,3,4,2
OX,1117.0,MD,55795.875270000004,-0.542085947,December,2016,6096.0,3,4,2
OX,1119.0,MD,20220.5952,-0.5767628379999999,December,2016,1599.0,3,4,2
OX,1119.0,MD,26683.35639,-0.5767628379999999,December,2015,1599.0,3,4,2
NI,1124.0,T&R,174841.288,0.369085137,December,2015,5287.0,2,6,2
NI,1124.0,T&R,511736.6064,0.369085137,December,2016,5287.0,2,6,2
NI,1125.0,T&R,8650.072,0.369085137,December,2015,5287.0,2,6,2
NI,1125.0,T&R,27504.5704,0.369085137,December,2016,5287.0,2,6,2
NI,1126.0,T&R,148657.7854,0.369085137,December,2015,5287.0,2,6,2
NI,1126.0,T&R,212139.5045,0.369085137,December,2016,5287.0,2,6,2
NI,1136.0,F&P,16463.64259,-0.591397701,December,2016,6275.0,2,2,2
NI,1136.0,F&P,381237.2985,-0.591397701,December,2015,6275.0,2,2,2
OX,15.0,Others,36690.263210000005,0.148744522,November,2016,1098.0,3,5,9
OX,15.0,Others,100104.7961,0.148744522,November,2015,1098.0,3,5,9
NI,19.0,Chemicals,25198.33097,1.311563185,November,2015,6099.0,2,1,9
NI,19.0,Chemicals,29885.927330000002,1.311563185,November,2016,6099.0,2,1,9
NI,50.0,T&R,537609.9073,-0.216252387,November,2015,1386.0,2,6,9
NI,58.0,F&P,34944.315039999994,-0.5493979520000001,November,2015,1284.0,2,2,9
NI,58.0,F&P,36676.896069999995,-0.5493979520000001,November,2016,1284.0,2,2,9
AR,66.0,Others,40705.91595,2.20539035,November,2015,5288.0,0,5,9
AR,66.0,Others,469782.6214,2.20539035,November,2016,5288.0,0,5,9
NI,103.0,T&R,272452.9022,-0.248480234,November,2015,5690.0,2,6,9
NI,133.0,F&P,23308.12423,-0.48359058200000005,November,2015,6373.0,2,2,9
NI,133.0,F&P,58208.04987,-0.48359058200000005,November,2016,6373.0,2,2,9
NI,144.0,Others,87097.50142999999,0.44793793,November,2015,1098.0,2,5,9
NI,145.0,T&R,157372.0884,1.528726399,November,2015,3492.0,2,6,9
NI,148.0,T&R,324026.0388,-0.388741622,November,2016,5287.0,2,6,9
NI,148.0,T&R,414506.5575,-0.388741622,November,2015,5287.0,2,6,9
NI,178.0,T&R,37239.02813,0.398252362,November,2016,3492.0,2,6,9
NI,178.0,T&R,92217.04307999999,0.398252362,November,2015,3492.0,2,6,9
NI,228.0,T&R,71644.84557,-0.5064954770000001,November,2015,6291.0,2,6,9
NI,240.0,T&R,60860.28792,-0.5570986960000001,November,2015,0.0,2,6,9
NI,244.0,Others,77765.74164,-0.510435148,November,2015,4988.0,2,5,9
NI,244.0,Others,145195.7528,-0.510435148,November,2016,4988.0,2,5,9
NI,270.0,T&R,17518.72552,-0.388741622,November,2016,5287.0,2,6,9
NI,270.0,T&R,113855.1147,-0.388741622,November,2015,5287.0,2,6,9
OX,272.0,MD,17361.81125,-0.475529975,November,2015,5746.0,3,4,9
OX,272.0,MD,27714.822210000002,-0.475529975,November,2016,5746.0,3,4,9
NI,278.0,T&R,103987.3156,-0.47158435299999996,November,2015,1399.0,2,6,9
NI,288.0,F&P,83607.62071,-0.551440209,November,2015,7389.0,2,2,9
NI,288.0,F&P,2344323.6580000003,-0.551440209,November,2016,7389.0,2,2,9
NI,343.0,T&R,448407.6824,0.544737119,November,2015,3492.0,2,6,9
NI,345.0,T&R,333279.9642,1.528726399,November,2015,3492.0,2,6,9
NI,345.0,T&R,390264.9207,1.528726399,November,2016,3492.0,2,6,9
NI,348.0,T&R,370808.7698,0.84524383,November,2015,7687.0,2,6,9
NI,348.0,T&R,843278.8333,0.84524383,November,2016,7687.0,2,6,9
NI,361.0,T&R,331192.5368,-0.072595609,November,2015,0.0,2,6,9
CB,370.0,T&R,43799.72718,-0.595282627,November,2015,1098.0,1,6,9
CB,370.0,T&R,45560.61796,-0.595282627,November,2016,1098.0,1,6,9
OX,378.0,F&P,12179.07906,-0.48359058200000005,November,2015,6373.0,3,2,9
OX,378.0,F&P,39298.943810000004,-0.48359058200000005,November,2016,6373.0,3,2,9
NI,403.0,T&R,338283.1465,-0.04274655,November,2015,0.0,2,6,9
NI,440.0,F&P,1482598.977,0.39379728,November,2015,6374.0,2,2,9
NI,440.0,F&P,3174320.043,0.39379728,November,2016,6374.0,2,2,9
CB,441.0,F&P,51593.34,-0.596043488,November,2016,6374.0,1,2,9
CB,441.0,F&P,101055.9576,-0.596043488,November,2015,6374.0,1,2,9
NI,455.0,Others,75429.38928999999,0.148744522,November,2015,1098.0,2,5,9
CB,460.0,F&P,5246.94,-0.600047373,November,2015,6373.0,1,2,9
CB,460.0,F&P,20582.7,-0.600047373,November,2016,6373.0,1,2,9
NI,518.0,M&E,101696.9729,-0.570296751,November,2015,6375.0,2,3,9
NI,520.0,T&R,1322994.847,0.922319133,November,2015,1190.0,2,6,9
NI,532.0,T&R,337815.184,4.276620451,November,2015,7574.0,2,6,9
NI,540.0,T&R,347312.4221,1.904847873,November,2015,7684.0,2,6,9
NI,560.0,A&F,170037.05,-0.409902106,November,2015,4987.0,2,0,9
NI,560.0,A&F,406954.375,-0.409902106,November,2016,4987.0,2,0,9
NI,562.0,A&F,120602.0653,-0.43120708399999996,November,2015,6277.0,2,0,9
NI,590.0,T&R,59977.5482,-0.504896735,November,2016,7382.0,2,6,9
NI,590.0,T&R,87037.37081000001,-0.504896735,November,2015,7382.0,2,6,9
AR,612.0,A&F,80438.31446000001,-0.337577921,November,2015,7975.0,0,0,9
AR,612.0,A&F,206326.2543,-0.337577921,November,2016,7975.0,0,0,9
NI,622.0,M&E,83070.10813,0.126202049,November,2015,986.0,2,3,9
NI,644.0,A&F,218303.2078,0.110949466,November,2015,4692.0,2,0,9
NI,644.0,A&F,497459.2163,0.110949466,November,2016,4692.0,2,0,9
NI,658.0,T&R,442747.0019,-0.218889833,November,2015,7684.0,2,6,9
NI,671.0,T&R,447642.4864,4.276620451,November,2015,7574.0,2,6,9
NI,747.0,M&E,43881.967860000004,-0.31988600899999997,November,2015,897.0,2,3,9
CB,766.0,T&R,3818.24,-0.599049996,November,2016,7392.0,1,6,9
CB,766.0,T&R,32817.91422,-0.599049996,November,2015,7392.0,1,6,9
NI,772.0,M&E,24676.557269999998,-0.563647915,November,2015,791.0,2,3,9
OX,780.0,Others,6344.41396,-0.592797347,November,2016,1098.0,3,5,9
OX,780.0,Others,8657.027728000001,-0.592797347,November,2015,1098.0,3,5,9
CB,873.0,M&E,406976.8219,-0.5482839620000001,November,2015,6099.0,1,3,9
CB,873.0,M&E,945339.3994,-0.5482839620000001,November,2016,6099.0,1,3,9
NI,920.0,F&P,7769.7241730000005,-0.51263139,November,2015,1174.0,2,2,9
NI,925.0,T&R,302686.7087,0.149272784,November,2015,5696.0,2,6,9
NI,925.0,T&R,927223.5525,0.149272784,November,2016,5696.0,2,6,9
NI,955.0,T&R,184856.5431,-0.119736566,November,2015,1182.0,2,6,9
NI,955.0,T&R,328521.2095,-0.119736566,November,2016,1182.0,2,6,9
NI,983.0,A&F,21540.18695,-0.409902106,November,2015,4987.0,2,0,9
NI,983.0,A&F,45879.484039999996,-0.409902106,November,2016,4987.0,2,0,9
NI,994.0,M&E,67851.93156,-0.445163105,November,2016,6275.0,2,3,9
NI,994.0,M&E,179754.6758,-0.445163105,November,2015,6275.0,2,3,9
NI,1009.0,T&R,34848.33732,-0.47158435299999996,November,2015,1399.0,2,6,9
OX,1030.0,A&F,54563.91502000001,-0.5190491279999999,November,2015,992.0,3,0,9
OX,1031.0,A&F,134642.7918,-0.481100818,November,2015,992.0,3,0,9
CB,1032.0,A&F,118187.7631,-0.597714245,November,2015,992.0,1,0,9
CB,1032.0,A&F,775816.1751,-0.597714245,November,2016,992.0,1,0,9
CB,1033.0,A&F,163172.0399,-0.597714245,November,2015,992.0,1,0,9
CB,1033.0,A&F,908198.3082,-0.597714245,November,2016,992.0,1,0,9
NI,1035.0,T&R,56352.40982000001,1.904847873,November,2015,7684.0,2,6,9
NI,1039.0,F&P,60226.76972999999,-0.525729332,November,2015,6373.0,2,2,9
NI,1039.0,F&P,239883.9571,-0.525729332,November,2016,6373.0,2,2,9
CB,1042.0,M&E,176203.2517,-0.5482839620000001,November,2015,6099.0,1,3,9
CB,1042.0,M&E,416786.0797,-0.5482839620000001,November,2016,6099.0,1,3,9
CB,1043.0,M&E,149341.2958,-0.5482839620000001,November,2015,6099.0,1,3,9
CB,1043.0,M&E,439741.0104,-0.5482839620000001,November,2016,6099.0,1,3,9
CB,1044.0,F&P,17481.13605,-0.59842733,November,2016,6373.0,1,2,9
CB,1044.0,F&P,53418.364519999996,-0.59842733,November,2015,6373.0,1,2,9
NI,1071.0,T&R,702945.5159,1.528726399,November,2015,3492.0,2,6,9
NI,1071.0,T&R,2438212.121,1.528726399,November,2016,3492.0,2,6,9
NI,1090.0,M&E,16791.17831,-0.577914489,November,2015,6099.0,2,3,9
NI,1090.0,M&E,18852.22137,-0.577914489,November,2016,6099.0,2,3,9
CB,1095.0,F&P,7095.9758329999995,-0.600047373,November,2015,6373.0,1,2,9
CB,1095.0,F&P,24396.78871,-0.600047373,November,2016,6373.0,1,2,9
OX,1098.0,MD,7053.181103,-0.55194918,November,2016,2085.0,3,4,9
NI,1099.0,M&E,217248.0805,-0.38278445899999997,November,2015,1386.0,2,3,9
NI,1099.0,M&E,598444.3344,-0.38278445899999997,November,2016,1386.0,2,3,9
OX,1100.0,MD,9861.686816,-0.579988151,November,2016,5295.0,3,4,9
OX,1100.0,MD,16743.07518,-0.579988151,November,2015,5295.0,3,4,9
NI,1106.0,T&R,754612.5861,4.276620451,November,2015,7574.0,2,6,9
NI,1107.0,T&R,204180.5819,-0.388741622,November,2016,5287.0,2,6,9
NI,1107.0,T&R,464123.2063,-0.388741622,November,2015,5287.0,2,6,9
NI,1111.0,F&P,29735.09773,-0.505484568,November,2015,6370.0,2,2,9
NI,1111.0,F&P,129071.11300000001,-0.505484568,November,2016,6370.0,2,2,9
CB,1112.0,F&P,3887.78629,-0.5908087329999999,November,2015,1174.0,1,2,9
CB,1112.0,F&P,17989.2641,-0.5908087329999999,November,2016,1174.0,1,2,9
OX,1116.0,MD,34063.94033,-0.542085947,November,2015,6096.0,3,4,9
OX,1116.0,MD,69864.05139,-0.542085947,November,2016,6096.0,3,4,9
OX,1117.0,MD,22186.68057,-0.542085947,November,2015,6096.0,3,4,9
OX,1117.0,MD,29098.021139999997,-0.542085947,November,2016,6096.0,3,4,9
OX,1119.0,MD,18888.17357,-0.5767628379999999,November,2015,1599.0,3,4,9
OX,1119.0,MD,19498.0812,-0.5767628379999999,November,2016,1599.0,3,4,9
NI,1124.0,T&R,357086.9596,0.369085137,November,2016,5287.0,2,6,9
NI,1124.0,T&R,493388.6038,0.369085137,November,2015,5287.0,2,6,9
NI,1125.0,T&R,18363.42846,0.369085137,November,2016,5287.0,2,6,9
NI,1125.0,T&R,22928.13611,0.369085137,November,2015,5287.0,2,6,9
NI,1126.0,T&R,221453.9934,0.369085137,November,2016,5287.0,2,6,9
NI,1126.0,T&R,479434.0887,0.369085137,November,2015,5287.0,2,6,9
NI,1136.0,F&P,13095.62631,-0.591397701,November,2016,6275.0,2,2,9
OX,15.0,Others,58948.79157,0.148744522,October,2016,1098.0,3,5,10
NI,19.0,Chemicals,25961.02404,1.311563185,October,2016,6099.0,2,1,10
NI,58.0,F&P,37693.64738,-0.5493979520000001,October,2016,1284.0,2,2,10
AR,66.0,Others,492485.7836,2.20539035,October,2016,5288.0,0,5,10
NI,133.0,F&P,61690.71807,-0.48359058200000005,October,2016,6373.0,2,2,10
NI,148.0,T&R,310772.6483,-0.388741622,October,2016,5287.0,2,6,10
NI,178.0,T&R,35177.18984,0.398252362,October,2016,3492.0,2,6,10
NI,244.0,Others,136372.6921,-0.510435148,October,2016,4988.0,2,5,10
NI,270.0,T&R,6560.734055,-0.388741622,October,2016,5287.0,2,6,10
OX,272.0,MD,28787.522360000003,-0.475529975,October,2016,5746.0,3,4,10
NI,288.0,F&P,60433.268560000004,-0.551440209,October,2016,7389.0,2,2,10
NI,345.0,T&R,160315.8924,1.528726399,October,2016,3492.0,2,6,10
NI,348.0,T&R,891328.3882,0.84524383,October,2016,7687.0,2,6,10
CB,370.0,T&R,25008.7498,-0.595282627,October,2016,1098.0,1,6,10
OX,378.0,F&P,43702.877960000005,-0.48359058200000005,October,2016,6373.0,3,2,10
NI,440.0,F&P,377481.3392,0.39379728,October,2016,6374.0,2,2,10
CB,441.0,F&P,11960.26,-0.596043488,October,2016,6374.0,1,2,10
CB,460.0,F&P,17615.4,-0.600047373,October,2016,6373.0,1,2,10
NI,560.0,A&F,375309.8478,-0.409902106,October,2016,4987.0,2,0,10
NI,590.0,T&R,214746.955,-0.504896735,October,2016,7382.0,2,6,10
AR,612.0,A&F,189896.806,-0.337577921,October,2016,7975.0,0,0,10
NI,644.0,A&F,484004.4136,0.110949466,October,2016,4692.0,2,0,10
CB,766.0,T&R,3042.66,-0.599049996,October,2016,7392.0,1,6,10
OX,780.0,Others,21215.997000000003,-0.592797347,October,2016,1098.0,3,5,10
CB,873.0,M&E,459523.6686,-0.5482839620000001,October,2016,6099.0,1,3,10
NI,925.0,T&R,143436.2488,0.149272784,October,2016,5696.0,2,6,10
NI,955.0,T&R,340395.1738,-0.119736566,October,2016,1182.0,2,6,10
NI,983.0,A&F,43678.6447,-0.409902106,October,2016,4987.0,2,0,10
NI,994.0,M&E,349928.5834,-0.445163105,October,2016,6275.0,2,3,10
CB,1032.0,A&F,722458.3749,-0.597714245,October,2016,992.0,1,0,10
CB,1033.0,A&F,890415.1379999999,-0.597714245,October,2016,992.0,1,0,10
NI,1039.0,F&P,70764.41368,-0.525729332,October,2016,6373.0,2,2,10
CB,1042.0,M&E,484533.0264,-0.5482839620000001,October,2016,6099.0,1,3,10
CB,1043.0,M&E,330319.7642,-0.5482839620000001,October,2016,6099.0,1,3,10
NI,1071.0,T&R,965656.7133,1.528726399,October,2016,3492.0,2,6,10
NI,1090.0,M&E,41305.52368,-0.577914489,October,2016,6099.0,2,3,10
CB,1095.0,F&P,21798.03224,-0.600047373,October,2016,6373.0,1,2,10
OX,1098.0,MD,7131.835505,-0.55194918,October,2016,2085.0,3,4,10
NI,1099.0,M&E,616431.9779,-0.38278445899999997,October,2016,1386.0,2,3,10
OX,1100.0,MD,13059.964390000001,-0.579988151,October,2016,5295.0,3,4,10
NI,1107.0,T&R,330257.0956,-0.388741622,October,2016,5287.0,2,6,10
NI,1111.0,F&P,180483.3064,-0.505484568,October,2016,6370.0,2,2,10
CB,1112.0,F&P,16940.5198,-0.5908087329999999,October,2016,1174.0,1,2,10
OX,1116.0,MD,72307.24456,-0.542085947,October,2016,6096.0,3,4,10
OX,1117.0,MD,51501.81871,-0.542085947,October,2016,6096.0,3,4,10
OX,1119.0,MD,20506.7434,-0.5767628379999999,October,2016,1599.0,3,4,10
NI,1124.0,T&R,325341.9868,0.369085137,October,2016,5287.0,2,6,10
NI,1125.0,T&R,6877.069195,0.369085137,October,2016,5287.0,2,6,10
NI,1126.0,T&R,358196.4161,0.369085137,October,2016,5287.0,2,6,10
NI,1136.0,F&P,12418.57173,-0.591397701,October,2016,6275.0,2,2,10
OX,15.0,Others,25112.821330000002,0.148744522,September,2016,1098.0,3,5,11
NI,19.0,Chemicals,29782.276710000002,1.311563185,September,2016,6099.0,2,1,11
NI,58.0,F&P,32775.31231,-0.5493979520000001,September,2016,1284.0,2,2,11
AR,66.0,Others,450536.2044,2.20539035,September,2016,5288.0,0,5,11
NI,133.0,F&P,59949.38397,-0.48359058200000005,September,2016,6373.0,2,2,11
NI,148.0,T&R,292021.3345,-0.388741622,September,2016,5287.0,2,6,11
NI,178.0,T&R,31490.787760000003,0.398252362,September,2016,3492.0,2,6,11
NI,244.0,Others,131441.6668,-0.510435148,September,2016,4988.0,2,5,11
NI,270.0,T&R,7833.297869,-0.388741622,September,2016,5287.0,2,6,11
OX,272.0,MD,27946.144439999996,-0.475529975,September,2016,5746.0,3,4,11
NI,288.0,F&P,13404.941340000001,-0.551440209,September,2016,7389.0,2,2,11
NI,348.0,T&R,867972.7039,0.84524383,September,2016,7687.0,2,6,11
CB,370.0,T&R,172194.1327,-0.595282627,September,2016,1098.0,1,6,11
OX,378.0,F&P,36364.23387,-0.48359058200000005,September,2016,6373.0,3,2,11
NI,440.0,F&P,2512314.65,0.39379728,September,2016,6374.0,2,2,11
CB,441.0,F&P,40374.12,-0.596043488,September,2016,6374.0,1,2,11
CB,460.0,F&P,16827.26,-0.600047373,September,2016,6373.0,1,2,11
NI,560.0,A&F,390952.2546,-0.409902106,September,2016,4987.0,2,0,11
NI,590.0,T&R,185519.521,-0.504896735,September,2016,7382.0,2,6,11
AR,612.0,A&F,184320.5159,-0.337577921,September,2016,7975.0,0,0,11
NI,644.0,A&F,395552.0455,0.110949466,September,2016,4692.0,2,0,11
CB,766.0,T&R,3543.49,-0.599049996,September,2016,7392.0,1,6,11
OX,780.0,Others,6172.656145,-0.592797347,September,2016,1098.0,3,5,11
CB,873.0,M&E,920850.1058,-0.5482839620000001,September,2016,6099.0,1,3,11
NI,925.0,T&R,1032858.443,0.149272784,September,2016,5696.0,2,6,11
NI,955.0,T&R,328848.9883,-0.119736566,September,2016,1182.0,2,6,11
NI,983.0,A&F,44182.94298,-0.409902106,September,2016,4987.0,2,0,11
NI,994.0,M&E,503071.0412,-0.445163105,September,2016,6275.0,2,3,11
CB,1032.0,A&F,587889.4063,-0.597714245,September,2016,992.0,1,0,11
CB,1033.0,A&F,924420.9612,-0.597714245,September,2016,992.0,1,0,11
NI,1039.0,F&P,206445.4338,-0.525729332,September,2016,6373.0,2,2,11
CB,1042.0,M&E,415389.2576,-0.5482839620000001,September,2016,6099.0,1,3,11
CB,1043.0,M&E,375415.2436,-0.5482839620000001,September,2016,6099.0,1,3,11
CB,1044.0,F&P,12880.01065,-0.59842733,September,2016,6373.0,1,2,11
NI,1090.0,M&E,31521.54607,-0.577914489,September,2016,6099.0,2,3,11
CB,1095.0,F&P,20822.64398,-0.600047373,September,2016,6373.0,1,2,11
OX,1098.0,MD,6453.552753,-0.55194918,September,2016,2085.0,3,4,11
NI,1099.0,M&E,789220.0992,-0.38278445899999997,September,2016,1386.0,2,3,11
OX,1100.0,MD,9383.534075,-0.579988151,September,2016,5295.0,3,4,11
NI,1107.0,T&R,278275.6411,-0.388741622,September,2016,5287.0,2,6,11
NI,1111.0,F&P,221303.6204,-0.505484568,September,2016,6370.0,2,2,11
CB,1112.0,F&P,14025.9875,-0.5908087329999999,September,2016,1174.0,1,2,11
OX,1116.0,MD,67699.37875,-0.542085947,September,2016,6096.0,3,4,11
OX,1117.0,MD,33185.07227,-0.542085947,September,2016,6096.0,3,4,11
OX,1119.0,MD,20503.4778,-0.5767628379999999,September,2016,1599.0,3,4,11
NI,1124.0,T&R,321816.8551,0.369085137,September,2016,5287.0,2,6,11
NI,1125.0,T&R,8211.008391,0.369085137,September,2016,5287.0,2,6,11
NI,1126.0,T&R,301817.3982,0.369085137,September,2016,5287.0,2,6,11
NI,1136.0,F&P,13101.24299,-0.591397701,September,2016,6275.0,2,2,11
OX,15.0,Others,20267.54542,0.148744522,August,2016,1098.0,3,5,1
NI,19.0,Chemicals,32926.345369999995,1.311563185,August,2016,6099.0,2,1,1
NI,58.0,F&P,36011.66541,-0.5493979520000001,August,2016,1284.0,2,2,1
AR,66.0,Others,495732.7587,2.20539035,August,2016,5288.0,0,5,1
NI,133.0,F&P,74682.12581,-0.48359058200000005,August,2016,6373.0,2,2,1
NI,148.0,T&R,478640.9859,-0.388741622,August,2016,5287.0,2,6,1
NI,178.0,T&R,46880.603489999994,0.398252362,August,2016,3492.0,2,6,1
NI,244.0,Others,30825.58928,-0.510435148,August,2016,4988.0,2,5,1
NI,270.0,T&R,7127.8934150000005,-0.388741622,August,2016,5287.0,2,6,1
OX,272.0,MD,29417.23287,-0.475529975,August,2016,5746.0,3,4,1
NI,278.0,T&R,37681.58978,-0.47158435299999996,August,2016,1399.0,2,6,1
NI,348.0,T&R,851779.6862,0.84524383,August,2016,7687.0,2,6,1
NI,361.0,T&R,24874.11476,-0.072595609,August,2016,0.0,2,6,1
CB,370.0,T&R,29623.482589999996,-0.595282627,August,2016,1098.0,1,6,1
OX,378.0,F&P,31470.558310000004,-0.48359058200000005,August,2016,6373.0,3,2,1
NI,440.0,F&P,3053047.5939999996,0.39379728,August,2016,6374.0,2,2,1
CB,441.0,F&P,49834.94,-0.596043488,August,2016,6374.0,1,2,1
CB,460.0,F&P,16120.76,-0.600047373,August,2016,6373.0,1,2,1
NI,560.0,A&F,383665.48299999995,-0.409902106,August,2016,4987.0,2,0,1
NI,590.0,T&R,168466.8404,-0.504896735,August,2016,7382.0,2,6,1
AR,612.0,A&F,157900.9484,-0.337577921,August,2016,7975.0,0,0,1
NI,644.0,A&F,331005.2164,0.110949466,August,2016,4692.0,2,0,1
CB,766.0,T&R,3562.33,-0.599049996,August,2016,7392.0,1,6,1
OX,780.0,Others,17317.36376,-0.592797347,August,2016,1098.0,3,5,1
CB,873.0,M&E,673155.1135,-0.5482839620000001,August,2016,6099.0,1,3,1
NI,925.0,T&R,1307663.196,0.149272784,August,2016,5696.0,2,6,1
NI,955.0,T&R,343968.3445,-0.119736566,August,2016,1182.0,2,6,1
NI,983.0,A&F,44698.90135,-0.409902106,August,2016,4987.0,2,0,1
NI,994.0,M&E,1190454.24,-0.445163105,August,2016,6275.0,2,3,1
NI,1009.0,T&R,41689.45158,-0.47158435299999996,August,2016,1399.0,2,6,1
CB,1032.0,A&F,340270.4471,-0.597714245,August,2016,992.0,1,0,1
CB,1033.0,A&F,967245.7413,-0.597714245,August,2016,992.0,1,0,1
NI,1039.0,F&P,170450.4688,-0.525729332,August,2016,6373.0,2,2,1
CB,1042.0,M&E,374991.6443,-0.5482839620000001,August,2016,6099.0,1,3,1
CB,1043.0,M&E,393957.4604,-0.5482839620000001,August,2016,6099.0,1,3,1
CB,1044.0,F&P,103018.2975,-0.59842733,August,2016,6373.0,1,2,1
NI,1090.0,M&E,33123.4461,-0.577914489,August,2016,6099.0,2,3,1
CB,1095.0,F&P,19948.56433,-0.600047373,August,2016,6373.0,1,2,1
OX,1098.0,MD,10674.946390000001,-0.55194918,August,2016,2085.0,3,4,1
NI,1099.0,M&E,933379.6301,-0.38278445899999997,August,2016,1386.0,2,3,1
OX,1100.0,MD,11015.674809999999,-0.579988151,August,2016,5295.0,3,4,1
NI,1107.0,T&R,187211.1914,-0.388741622,August,2016,5287.0,2,6,1
NI,1111.0,F&P,235598.5332,-0.505484568,August,2016,6370.0,2,2,1
CB,1112.0,F&P,7150.2196,-0.5908087329999999,August,2016,1174.0,1,2,1
OX,1116.0,MD,90709.5249,-0.542085947,August,2016,6096.0,3,4,1
OX,1117.0,MD,36745.36248,-0.542085947,August,2016,6096.0,3,4,1
OX,1119.0,MD,20756.97,-0.5767628379999999,August,2016,1599.0,3,4,1
NI,1124.0,T&R,527477.5827,0.369085137,August,2016,5287.0,2,6,1
NI,1125.0,T&R,7471.583293000001,0.369085137,August,2016,5287.0,2,6,1
NI,1126.0,T&R,203049.0145,0.369085137,August,2016,5287.0,2,6,1
NI,1136.0,F&P,19238.65635,-0.591397701,August,2016,6275.0,2,2,1
OX,15.0,Others,11650.9678,0.148744522,July,2016,1098.0,3,5,5
NI,19.0,Chemicals,54485.67329,1.311563185,July,2016,6099.0,2,1,5
NI,50.0,T&R,543192.2367,-0.216252387,July,2016,1386.0,2,6,5
NI,58.0,F&P,37492.778439999995,-0.5493979520000001,July,2016,1284.0,2,2,5
AR,66.0,Others,509256.2426,2.20539035,July,2016,5288.0,0,5,5
NI,133.0,F&P,73903.80224,-0.48359058200000005,July,2016,6373.0,2,2,5
NI,148.0,T&R,480749.6152,-0.388741622,July,2016,5287.0,2,6,5
NI,178.0,T&R,51972.932089999995,0.398252362,July,2016,3492.0,2,6,5
NI,270.0,T&R,12650.60768,-0.388741622,July,2016,5287.0,2,6,5
OX,272.0,MD,28961.392010000003,-0.475529975,July,2016,5746.0,3,4,5
NI,278.0,T&R,49669.977589999995,-0.47158435299999996,July,2016,1399.0,2,6,5
NI,348.0,T&R,867958.2631,0.84524383,July,2016,7687.0,2,6,5
NI,361.0,T&R,769081.6256,-0.072595609,July,2016,0.0,2,6,5
CB,370.0,T&R,30135.640139999996,-0.595282627,July,2016,1098.0,1,6,5
OX,378.0,F&P,32909.87465,-0.48359058200000005,July,2016,6373.0,3,2,5
NI,440.0,F&P,2829102.5810000002,0.39379728,July,2016,6374.0,2,2,5
CB,441.0,F&P,50525.74,-0.596043488,July,2016,6374.0,1,2,5
CB,460.0,F&P,6901.72,-0.600047373,July,2016,6373.0,1,2,5
NI,560.0,A&F,281141.9426,-0.409902106,July,2016,4987.0,2,0,5
NI,590.0,T&R,153755.0298,-0.504896735,July,2016,7382.0,2,6,5
AR,612.0,A&F,148428.6528,-0.337577921,July,2016,7975.0,0,0,5
NI,644.0,A&F,417658.89200000005,0.110949466,July,2016,4692.0,2,0,5
CB,766.0,T&R,3157.27,-0.599049996,July,2016,7392.0,1,6,5
OX,780.0,Others,7637.71402,-0.592797347,July,2016,1098.0,3,5,5
CB,873.0,M&E,897414.1151,-0.5482839620000001,July,2016,6099.0,1,3,5
NI,925.0,T&R,1243993.4440000001,0.149272784,July,2016,5696.0,2,6,5
NI,955.0,T&R,419056.7612,-0.119736566,July,2016,1182.0,2,6,5
NI,983.0,A&F,35306.71013,-0.409902106,July,2016,4987.0,2,0,5
NI,994.0,M&E,275838.6533,-0.445163105,July,2016,6275.0,2,3,5
NI,1009.0,T&R,39552.15937,-0.47158435299999996,July,2016,1399.0,2,6,5
CB,1032.0,A&F,711054.4758,-0.597714245,July,2016,992.0,1,0,5
CB,1033.0,A&F,712185.0642,-0.597714245,July,2016,992.0,1,0,5
NI,1039.0,F&P,122907.7882,-0.525729332,July,2016,6373.0,2,2,5
CB,1042.0,M&E,344234.7745,-0.5482839620000001,July,2016,6099.0,1,3,5
CB,1043.0,M&E,358867.8714,-0.5482839620000001,July,2016,6099.0,1,3,5
CB,1044.0,F&P,72389.2774,-0.59842733,July,2016,6373.0,1,2,5
NI,1090.0,M&E,34572.121119999996,-0.577914489,July,2016,6099.0,2,3,5
CB,1095.0,F&P,4459.712085,-0.600047373,July,2016,6373.0,1,2,5
OX,1098.0,MD,6923.239998,-0.55194918,July,2016,2085.0,3,4,5
NI,1099.0,M&E,581561.4217,-0.38278445899999997,July,2016,1386.0,2,3,5
OX,1100.0,MD,9926.522264,-0.579988151,July,2016,5295.0,3,4,5
NI,1107.0,T&R,220466.2595,-0.388741622,July,2016,5287.0,2,6,5
NI,1111.0,F&P,136452.6564,-0.505484568,July,2016,6370.0,2,2,5
CB,1112.0,F&P,18867.789,-0.5908087329999999,July,2016,1174.0,1,2,5
OX,1116.0,MD,38519.28375,-0.542085947,July,2016,6096.0,3,4,5
OX,1117.0,MD,76349.84219,-0.542085947,July,2016,6096.0,3,4,5
OX,1119.0,MD,20200.5934,-0.5767628379999999,July,2016,1599.0,3,4,5
NI,1124.0,T&R,529801.6955,0.369085137,July,2016,5287.0,2,6,5
NI,1125.0,T&R,13260.62168,0.369085137,July,2016,5287.0,2,6,5
NI,1126.0,T&R,239117.4182,0.369085137,July,2016,5287.0,2,6,5
NI,1136.0,F&P,19736.9083,-0.591397701,July,2016,6275.0,2,2,5
OX,15.0,Others,14363.165719999999,0.148744522,June,2016,1098.0,3,5,6
NI,19.0,Chemicals,35849.29271,1.311563185,June,2016,6099.0,2,1,6
NI,50.0,T&R,1006130.7590000001,-0.216252387,June,2016,1386.0,2,6,6
NI,58.0,F&P,36063.65501,-0.5493979520000001,June,2016,1284.0,2,2,6
AR,66.0,Others,445294.1807,2.20539035,June,2016,5288.0,0,5,6
NI,133.0,F&P,68711.46056,-0.48359058200000005,June,2016,6373.0,2,2,6
NI,148.0,T&R,464172.4531,-0.388741622,June,2016,5287.0,2,6,6
NI,178.0,T&R,87800.41561,0.398252362,June,2016,3492.0,2,6,6
NI,270.0,T&R,16712.29581,-0.388741622,June,2016,5287.0,2,6,6
OX,272.0,MD,30186.03911,-0.475529975,June,2016,5746.0,3,4,6
NI,278.0,T&R,46004.12242,-0.47158435299999996,June,2016,1399.0,2,6,6
NI,348.0,T&R,845339.0627,0.84524383,June,2016,7687.0,2,6,6
NI,361.0,T&R,624272.457,-0.072595609,June,2016,0.0,2,6,6
CB,370.0,T&R,29264.489139999998,-0.595282627,June,2016,1098.0,1,6,6
OX,378.0,F&P,32562.195639999998,-0.48359058200000005,June,2016,6373.0,3,2,6
NI,440.0,F&P,2996314.938,0.39379728,June,2016,6374.0,2,2,6
CB,441.0,F&P,63142.26,-0.596043488,June,2016,6374.0,1,2,6
CB,460.0,F&P,4436.82,-0.600047373,June,2016,6373.0,1,2,6
NI,560.0,A&F,349590.31899999996,-0.409902106,June,2016,4987.0,2,0,6
NI,590.0,T&R,144676.913,-0.504896735,June,2016,7382.0,2,6,6
AR,612.0,A&F,142746.6845,-0.337577921,June,2016,7975.0,0,0,6
NI,644.0,A&F,431736.1589,0.110949466,June,2016,4692.0,2,0,6
CB,766.0,T&R,3352.735,-0.599049996,June,2016,7392.0,1,6,6
OX,780.0,Others,5589.369283,-0.592797347,June,2016,1098.0,3,5,6
CB,873.0,M&E,780186.8981,-0.5482839620000001,June,2016,6099.0,1,3,6
NI,925.0,T&R,1248388.279,0.149272784,June,2016,5696.0,2,6,6
NI,955.0,T&R,424675.6833,-0.119736566,June,2016,1182.0,2,6,6
NI,983.0,A&F,40343.862960000006,-0.409902106,June,2016,4987.0,2,0,6
NI,1009.0,T&R,62517.426060000005,-0.47158435299999996,June,2016,1399.0,2,6,6
CB,1032.0,A&F,457073.0481,-0.597714245,June,2016,992.0,1,0,6
CB,1033.0,A&F,857230.6446,-0.597714245,June,2016,992.0,1,0,6
NI,1039.0,F&P,125260.95800000001,-0.525729332,June,2016,6373.0,2,2,6
CB,1042.0,M&E,349381.5166,-0.5482839620000001,June,2016,6099.0,1,3,6
CB,1043.0,M&E,322568.4502,-0.5482839620000001,June,2016,6099.0,1,3,6
CB,1044.0,F&P,79287.25452,-0.59842733,June,2016,6373.0,1,2,6
NI,1090.0,M&E,35562.949660000006,-0.577914489,June,2016,6099.0,2,3,6
CB,1095.0,F&P,5490.283289999999,-0.600047373,June,2016,6373.0,1,2,6
OX,1098.0,MD,7502.739981999999,-0.55194918,June,2016,2085.0,3,4,6
NI,1099.0,M&E,460166.55,-0.38278445899999997,June,2016,1386.0,2,3,6
OX,1100.0,MD,9560.920720999999,-0.579988151,June,2016,5295.0,3,4,6
NI,1107.0,T&R,357627.9673,-0.388741622,June,2016,5287.0,2,6,6
NI,1111.0,F&P,89262.9466,-0.505484568,June,2016,6370.0,2,2,6
CB,1112.0,F&P,23938.5593,-0.5908087329999999,June,2016,1174.0,1,2,6
OX,1116.0,MD,82343.20539,-0.542085947,June,2016,6096.0,3,4,6
OX,1117.0,MD,55263.103970000004,-0.542085947,June,2016,6096.0,3,4,6
OX,1119.0,MD,19957.3062,-0.5767628379999999,June,2016,1599.0,3,4,6
NI,1124.0,T&R,511533.5516,0.369085137,June,2016,5287.0,2,6,6
NI,1125.0,T&R,17518.14031,0.369085137,June,2016,5287.0,2,6,6
NI,1126.0,T&R,387882.8278,0.369085137,June,2016,5287.0,2,6,6
NI,1136.0,F&P,21614.45993,-0.591397701,June,2016,6275.0,2,2,6
OX,15.0,Others,11113.15457,0.148744522,May,2017,1098.0,3,5,8
OX,15.0,Others,13718.19805,0.148744522,May,2016,1098.0,3,5,8
NI,19.0,Chemicals,34128.6925,1.311563185,May,2017,6099.0,2,1,8
NI,19.0,Chemicals,37673.54353,1.311563185,May,2016,6099.0,2,1,8
NI,48.0,A&F,63800.77368,-0.13991210699999998,May,2017,4692.0,2,0,8
NI,50.0,T&R,718474.0107,-0.216252387,May,2016,1386.0,2,6,8
NI,58.0,F&P,31604.955339999997,-0.5493979520000001,May,2017,1284.0,2,2,8
NI,58.0,F&P,42710.64455,-0.5493979520000001,May,2016,1284.0,2,2,8
AR,66.0,Others,444296.6564,2.20539035,May,2017,5288.0,0,5,8
AR,66.0,Others,493797.9632,2.20539035,May,2016,5288.0,0,5,8
NI,103.0,T&R,7963.6397400000005,-0.248480234,May,2016,5690.0,2,6,8
NI,103.0,T&R,543863.0218,-0.248480234,May,2017,5690.0,2,6,8
NI,133.0,F&P,71574.10828,-0.48359058200000005,May,2016,6373.0,2,2,8
NI,133.0,F&P,80861.22348,-0.48359058200000005,May,2017,6373.0,2,2,8
NI,145.0,T&R,19064.54642,1.528726399,May,2016,3492.0,2,6,8
NI,145.0,T&R,1048462.815,1.528726399,May,2017,3492.0,2,6,8
NI,148.0,T&R,330619.9729,-0.388741622,May,2016,5287.0,2,6,8
NI,148.0,T&R,445170.9629,-0.388741622,May,2017,5287.0,2,6,8
NI,178.0,T&R,20316.8789,0.398252362,May,2016,3492.0,2,6,8
NI,178.0,T&R,42495.21763,0.398252362,May,2017,3492.0,2,6,8
NI,219.0,A&F,2889.7093440000003,-0.13991210699999998,May,2017,4692.0,2,0,8
NI,228.0,T&R,106402.5738,-0.5064954770000001,May,2017,6291.0,2,6,8
NI,240.0,T&R,103934.62800000001,-0.5570986960000001,May,2017,0.0,2,6,8
NI,244.0,Others,150235.9109,-0.510435148,May,2017,4988.0,2,5,8
NI,270.0,T&R,11226.210579999999,-0.388741622,May,2016,5287.0,2,6,8
NI,270.0,T&R,21289.74448,-0.388741622,May,2017,5287.0,2,6,8
OX,272.0,MD,29049.83874,-0.475529975,May,2016,5746.0,3,4,8
OX,272.0,MD,29420.25669,-0.475529975,May,2017,5746.0,3,4,8
NI,278.0,T&R,45813.8246,-0.47158435299999996,May,2016,1399.0,2,6,8
NI,278.0,T&R,78101.14558,-0.47158435299999996,May,2017,1399.0,2,6,8
NI,288.0,F&P,87760.01637,-0.551440209,May,2017,7389.0,2,2,8
NI,345.0,T&R,5960.095544,1.528726399,May,2016,3492.0,2,6,8
NI,345.0,T&R,348046.9064,1.528726399,May,2017,3492.0,2,6,8
NI,348.0,T&R,871631.0551,0.84524383,May,2017,7687.0,2,6,8
NI,348.0,T&R,934559.5094,0.84524383,May,2016,7687.0,2,6,8
NI,361.0,T&R,751144.7579999999,-0.072595609,May,2017,0.0,2,6,8
NI,361.0,T&R,1092527.257,-0.072595609,May,2016,0.0,2,6,8
CB,370.0,T&R,6980.804040000001,-0.595282627,May,2017,1098.0,1,6,8
CB,370.0,T&R,77532.92238999999,-0.595282627,May,2016,1098.0,1,6,8
OX,378.0,F&P,28008.722130000002,-0.48359058200000005,May,2016,6373.0,3,2,8
OX,378.0,F&P,41381.2794,-0.48359058200000005,May,2017,6373.0,3,2,8
NI,440.0,F&P,1566676.071,0.39379728,May,2017,6374.0,2,2,8
NI,440.0,F&P,2744620.582,0.39379728,May,2016,6374.0,2,2,8
CB,441.0,F&P,44035.36,-0.596043488,May,2017,6374.0,1,2,8
CB,441.0,F&P,53511.88,-0.596043488,May,2016,6374.0,1,2,8
NI,455.0,Others,3426.38056,0.148744522,May,2016,1098.0,2,5,8
CB,460.0,F&P,2992.42,-0.600047373,May,2016,6373.0,1,2,8
CB,460.0,F&P,22083.62,-0.600047373,May,2017,6373.0,1,2,8
NI,468.0,T&R,100.83387009999998,-0.578211409,May,2016,1174.0,2,6,8
NI,520.0,T&R,349066.1013,0.922319133,May,2017,1190.0,2,6,8
NI,532.0,T&R,1683462.188,4.276620451,May,2017,7574.0,2,6,8
NI,540.0,T&R,15107.97498,1.904847873,May,2016,7684.0,2,6,8
NI,560.0,A&F,378896.7072,-0.409902106,May,2017,4987.0,2,0,8
NI,560.0,A&F,391820.7062,-0.409902106,May,2016,4987.0,2,0,8
NI,562.0,A&F,416648.7225,-0.43120708399999996,May,2017,6277.0,2,0,8
NI,590.0,T&R,144741.5656,-0.504896735,May,2016,7382.0,2,6,8
AR,612.0,A&F,152483.1758,-0.337577921,May,2016,7975.0,0,0,8
AR,612.0,A&F,228624.3693,-0.337577921,May,2017,7975.0,0,0,8
NI,622.0,M&E,1775.7171,0.126202049,May,2016,986.0,2,3,8
NI,622.0,M&E,788102.375,0.126202049,May,2017,986.0,2,3,8
NI,644.0,A&F,428496.847,0.110949466,May,2016,4692.0,2,0,8
NI,644.0,A&F,458370.964,0.110949466,May,2017,4692.0,2,0,8
NI,658.0,T&R,2646.765974,-0.218889833,May,2016,7684.0,2,6,8
NI,658.0,T&R,1165885.229,-0.218889833,May,2017,7684.0,2,6,8
NI,671.0,T&R,286046.2119,4.276620451,May,2017,7574.0,2,6,8
NI,747.0,M&E,15880.19581,-0.31988600899999997,May,2016,897.0,2,3,8
CB,766.0,T&R,3439.87,-0.599049996,May,2016,7392.0,1,6,8
OX,780.0,Others,6447.78904,-0.592797347,May,2017,1098.0,3,5,8
OX,780.0,Others,11342.97913,-0.592797347,May,2016,1098.0,3,5,8
CB,873.0,M&E,296133.4242,-0.5482839620000001,May,2016,6099.0,1,3,8
CB,873.0,M&E,1014681.844,-0.5482839620000001,May,2017,6099.0,1,3,8
NI,920.0,F&P,14887.025269999998,-0.51263139,May,2016,1174.0,2,2,8
NI,920.0,F&P,69495.10549,-0.51263139,May,2017,1174.0,2,2,8
NI,925.0,T&R,950227.8425,0.149272784,May,2017,5696.0,2,6,8
NI,925.0,T&R,1300187.644,0.149272784,May,2016,5696.0,2,6,8
NI,955.0,T&R,342808.0774,-0.119736566,May,2017,1182.0,2,6,8
NI,955.0,T&R,439711.3089,-0.119736566,May,2016,1182.0,2,6,8
NI,983.0,A&F,44652.26104,-0.409902106,May,2017,4987.0,2,0,8
NI,983.0,A&F,44969.99811,-0.409902106,May,2016,4987.0,2,0,8
NI,994.0,M&E,12770.242259999999,-0.445163105,May,2016,6275.0,2,3,8
NI,1009.0,T&R,59005.62431,-0.47158435299999996,May,2016,1399.0,2,6,8
NI,1009.0,T&R,78855.39424,-0.47158435299999996,May,2017,1399.0,2,6,8
OX,1030.0,A&F,94721.60462,-0.5190491279999999,May,2017,992.0,3,0,8
CB,1032.0,A&F,363452.5665,-0.597714245,May,2016,992.0,1,0,8
CB,1032.0,A&F,1125532.4740000002,-0.597714245,May,2017,992.0,1,0,8
CB,1033.0,A&F,61805.7504,-0.597714245,May,2016,992.0,1,0,8
NI,1035.0,T&R,142185.885,1.904847873,May,2017,7684.0,2,6,8
NI,1039.0,F&P,70539.86893,-0.525729332,May,2016,6373.0,2,2,8
NI,1039.0,F&P,391318.3687,-0.525729332,May,2017,6373.0,2,2,8
CB,1042.0,M&E,310349.345,-0.5482839620000001,May,2016,6099.0,1,3,8
CB,1042.0,M&E,499070.2588,-0.5482839620000001,May,2017,6099.0,1,3,8
CB,1043.0,M&E,258670.9503,-0.5482839620000001,May,2016,6099.0,1,3,8
CB,1043.0,M&E,661715.0067,-0.5482839620000001,May,2017,6099.0,1,3,8
CB,1044.0,F&P,92067.38107999999,-0.59842733,May,2016,6373.0,1,2,8
CB,1044.0,F&P,109714.42599999999,-0.59842733,May,2017,6373.0,1,2,8
NI,1071.0,T&R,8361.690534000001,1.528726399,May,2016,3492.0,2,6,8
NI,1071.0,T&R,2654883.695,1.528726399,May,2017,3492.0,2,6,8
NI,1090.0,M&E,12163.188709999999,-0.577914489,May,2017,6099.0,2,3,8
NI,1090.0,M&E,32231.025589999997,-0.577914489,May,2016,6099.0,2,3,8
CB,1095.0,F&P,6566.175848,-0.600047373,May,2016,6373.0,1,2,8
CB,1095.0,F&P,27327.237339999996,-0.600047373,May,2017,6373.0,1,2,8
OX,1098.0,MD,7610.5164859999995,-0.55194918,May,2017,2085.0,3,4,8
OX,1098.0,MD,8347.315586,-0.55194918,May,2016,2085.0,3,4,8
NI,1099.0,M&E,605396.0133,-0.38278445899999997,May,2016,1386.0,2,3,8
NI,1099.0,M&E,647843.0152,-0.38278445899999997,May,2017,1386.0,2,3,8
OX,1100.0,MD,8986.691604000001,-0.579988151,May,2016,5295.0,3,4,8
OX,1100.0,MD,10049.66877,-0.579988151,May,2017,5295.0,3,4,8
NI,1106.0,T&R,3432025.997,4.276620451,May,2017,7574.0,2,6,8
NI,1107.0,T&R,147950.7546,-0.388741622,May,2016,5287.0,2,6,8
NI,1107.0,T&R,854747.9189,-0.388741622,May,2017,5287.0,2,6,8
NI,1111.0,F&P,91289.4712,-0.505484568,May,2016,6370.0,2,2,8
NI,1111.0,F&P,228598.2172,-0.505484568,May,2017,6370.0,2,2,8
CB,1112.0,F&P,10200.29,-0.5908087329999999,May,2017,1174.0,1,2,8
CB,1112.0,F&P,22850.2824,-0.5908087329999999,May,2016,1174.0,1,2,8
OX,1116.0,MD,32761.82679,-0.542085947,May,2017,6096.0,3,4,8
OX,1116.0,MD,112518.0802,-0.542085947,May,2016,6096.0,3,4,8
OX,1117.0,MD,34072.85965,-0.542085947,May,2016,6096.0,3,4,8
OX,1117.0,MD,66866.16946,-0.542085947,May,2017,6096.0,3,4,8
OX,1119.0,MD,20430.8182,-0.5767628379999999,May,2016,1599.0,3,4,8
OX,1119.0,MD,23704.174,-0.5767628379999999,May,2017,1599.0,3,4,8
NI,1124.0,T&R,364353.6889,0.369085137,May,2016,5287.0,2,6,8
NI,1124.0,T&R,523217.9796,0.369085137,May,2017,5287.0,2,6,8
NI,1125.0,T&R,13074.2104,0.369085137,May,2016,5287.0,2,6,8
NI,1125.0,T&R,26372.58698,0.369085137,May,2017,5287.0,2,6,8
NI,1126.0,T&R,160467.1959,0.369085137,May,2016,5287.0,2,6,8
NI,1126.0,T&R,927058.4803,0.369085137,May,2017,5287.0,2,6,8
NI,1136.0,F&P,16690.89357,-0.591397701,May,2017,6275.0,2,2,8
NI,1136.0,F&P,20642.76368,-0.591397701,May,2016,6275.0,2,2,8
NI,1146.0,T&R,21970.737,1.528726399,May,2016,3492.0,2,6,8
NI,1146.0,T&R,818869.767,1.528726399,May,2017,3492.0,2,6,8
OX,15.0,Others,6083.407795,0.148744522,April,2016,1098.0,3,5,0
OX,15.0,Others,13260.276829999999,0.148744522,April,2017,1098.0,3,5,0
NI,19.0,Chemicals,24972.88817,1.311563185,April,2017,6099.0,2,1,0
NI,19.0,Chemicals,38240.16689,1.311563185,April,2016,6099.0,2,1,0
NI,48.0,A&F,150818.7068,-0.13991210699999998,April,2016,4692.0,2,0,0
NI,50.0,T&R,1140371.6090000002,-0.216252387,April,2016,1386.0,2,6,0
NI,58.0,F&P,30798.52562,-0.5493979520000001,April,2017,1284.0,2,2,0
NI,58.0,F&P,35152.655289999995,-0.5493979520000001,April,2016,1284.0,2,2,0
AR,66.0,Others,145913.0352,2.20539035,April,2016,5288.0,0,5,0
AR,66.0,Others,429604.93100000004,2.20539035,April,2017,5288.0,0,5,0
NI,103.0,T&R,532323.8703,-0.248480234,April,2017,5690.0,2,6,0
NI,133.0,F&P,64075.81811,-0.48359058200000005,April,2016,6373.0,2,2,0
NI,133.0,F&P,71423.72034,-0.48359058200000005,April,2017,6373.0,2,2,0
NI,144.0,Others,127476.7181,0.44793793,April,2016,1098.0,2,5,0
NI,145.0,T&R,965621.0211,1.528726399,April,2017,3492.0,2,6,0
NI,148.0,T&R,229792.9432,-0.388741622,April,2016,5287.0,2,6,0
NI,148.0,T&R,428992.8916,-0.388741622,April,2017,5287.0,2,6,0
NI,178.0,T&R,20642.72801,0.398252362,April,2016,3492.0,2,6,0
NI,178.0,T&R,38353.75043,0.398252362,April,2017,3492.0,2,6,0
NI,219.0,A&F,32691.89711,-0.13991210699999998,April,2016,4692.0,2,0,0
NI,228.0,T&R,128667.5916,-0.5064954770000001,April,2017,6291.0,2,6,0
NI,240.0,T&R,103669.2195,-0.5570986960000001,April,2017,0.0,2,6,0
NI,244.0,Others,157321.7541,-0.510435148,April,2017,4988.0,2,5,0
NI,270.0,T&R,6020.16029,-0.388741622,April,2016,5287.0,2,6,0
NI,270.0,T&R,12499.36519,-0.388741622,April,2017,5287.0,2,6,0
OX,272.0,MD,9069.192135,-0.475529975,April,2016,5746.0,3,4,0
OX,272.0,MD,28082.21634,-0.475529975,April,2017,5746.0,3,4,0
NI,278.0,T&R,44797.15477,-0.47158435299999996,April,2016,1399.0,2,6,0
NI,278.0,T&R,67649.37517999999,-0.47158435299999996,April,2017,1399.0,2,6,0
NI,288.0,F&P,68351.49237,-0.551440209,April,2017,7389.0,2,2,0
NI,343.0,T&R,768034.6309999999,0.544737119,April,2016,3492.0,2,6,0
NI,345.0,T&R,326228.9632,1.528726399,April,2017,3492.0,2,6,0
NI,348.0,T&R,818060.2781,0.84524383,April,2016,7687.0,2,6,0
NI,348.0,T&R,878341.2414,0.84524383,April,2017,7687.0,2,6,0
NI,361.0,T&R,765645.8577,-0.072595609,April,2017,0.0,2,6,0
NI,361.0,T&R,817480.4244,-0.072595609,April,2016,0.0,2,6,0
CB,370.0,T&R,6659.980820000001,-0.595282627,April,2017,1098.0,1,6,0
CB,370.0,T&R,13599.23246,-0.595282627,April,2016,1098.0,1,6,0
OX,378.0,F&P,19589.65616,-0.48359058200000005,April,2017,6373.0,3,2,0
OX,378.0,F&P,29126.52884,-0.48359058200000005,April,2016,6373.0,3,2,0
NI,440.0,F&P,2472929.847,0.39379728,April,2017,6374.0,2,2,0
NI,440.0,F&P,2726950.09,0.39379728,April,2016,6374.0,2,2,0
CB,441.0,F&P,41228.2,-0.596043488,April,2017,6374.0,1,2,0
CB,441.0,F&P,52130.28,-0.596043488,April,2016,6374.0,1,2,0
CB,460.0,F&P,5796.44,-0.600047373,April,2017,6373.0,1,2,0
NI,518.0,M&E,16243.185459999999,-0.570296751,April,2017,6375.0,2,3,0
NI,520.0,T&R,284121.0606,0.922319133,April,2017,1190.0,2,6,0
NI,520.0,T&R,1321360.725,0.922319133,April,2016,1190.0,2,6,0
NI,532.0,T&R,832214.4068,4.276620451,April,2016,7574.0,2,6,0
NI,532.0,T&R,1321175.027,4.276620451,April,2017,7574.0,2,6,0
NI,560.0,A&F,365792.8514,-0.409902106,April,2016,4987.0,2,0,0
NI,560.0,A&F,376317.0462,-0.409902106,April,2017,4987.0,2,0,0
NI,562.0,A&F,299830.3361,-0.43120708399999996,April,2017,6277.0,2,0,0
NI,590.0,T&R,158499.193,-0.504896735,April,2016,7382.0,2,6,0
AR,612.0,A&F,40203.53652,-0.337577921,April,2016,7975.0,0,0,0
AR,612.0,A&F,188596.9633,-0.337577921,April,2017,7975.0,0,0,0
NI,622.0,M&E,486461.2109,0.126202049,April,2017,986.0,2,3,0
NI,644.0,A&F,495473.16,0.110949466,April,2016,4692.0,2,0,0
NI,644.0,A&F,550618.49,0.110949466,April,2017,4692.0,2,0,0
NI,658.0,T&R,1134680.719,-0.218889833,April,2017,7684.0,2,6,0
NI,671.0,T&R,133986.185,4.276620451,April,2017,7574.0,2,6,0
NI,671.0,T&R,681972.064,4.276620451,April,2016,7574.0,2,6,0
NI,747.0,M&E,34807.20898,-0.31988600899999997,April,2016,897.0,2,3,0
CB,766.0,T&R,2777.2696149999997,-0.599049996,April,2016,7392.0,1,6,0
NI,772.0,M&E,14078.973119999999,-0.563647915,April,2016,791.0,2,3,0
OX,780.0,Others,6866.521703,-0.592797347,April,2016,1098.0,3,5,0
OX,780.0,Others,12559.33118,-0.592797347,April,2017,1098.0,3,5,0
CB,873.0,M&E,355469.4905,-0.5482839620000001,April,2016,6099.0,1,3,0
CB,873.0,M&E,855315.7567,-0.5482839620000001,April,2017,6099.0,1,3,0
NI,920.0,F&P,62460.97844,-0.51263139,April,2017,1174.0,2,2,0
NI,925.0,T&R,910635.818,0.149272784,April,2017,5696.0,2,6,0
NI,925.0,T&R,1386250.356,0.149272784,April,2016,5696.0,2,6,0
NI,955.0,T&R,333062.4323,-0.119736566,April,2017,1182.0,2,6,0
NI,955.0,T&R,423093.7728,-0.119736566,April,2016,1182.0,2,6,0
NI,983.0,A&F,38895.09852,-0.409902106,April,2017,4987.0,2,0,0
NI,983.0,A&F,44888.37758,-0.409902106,April,2016,4987.0,2,0,0
NI,994.0,M&E,285211.8853,-0.445163105,April,2017,6275.0,2,3,0
NI,1009.0,T&R,59032.36958,-0.47158435299999996,April,2016,1399.0,2,6,0
NI,1009.0,T&R,151369.365,-0.47158435299999996,April,2017,1399.0,2,6,0
OX,1030.0,A&F,56855.2264,-0.5190491279999999,April,2016,992.0,3,0,0
OX,1030.0,A&F,82806.99317999999,-0.5190491279999999,April,2017,992.0,3,0,0
OX,1031.0,A&F,35416.63305,-0.481100818,April,2016,992.0,3,0,0
OX,1031.0,A&F,481235.1395,-0.481100818,April,2017,992.0,3,0,0
CB,1032.0,A&F,371519.8074,-0.597714245,April,2016,992.0,1,0,0
CB,1032.0,A&F,928649.5521,-0.597714245,April,2017,992.0,1,0,0
CB,1033.0,A&F,72492.3636,-0.597714245,April,2016,992.0,1,0,0
CB,1033.0,A&F,1161271.46,-0.597714245,April,2017,992.0,1,0,0
NI,1035.0,T&R,178408.7287,1.904847873,April,2017,7684.0,2,6,0
NI,1039.0,F&P,114127.1923,-0.525729332,April,2016,6373.0,2,2,0
NI,1039.0,F&P,334795.1555,-0.525729332,April,2017,6373.0,2,2,0
CB,1042.0,M&E,215235.1126,-0.5482839620000001,April,2016,6099.0,1,3,0
CB,1042.0,M&E,317929.9698,-0.5482839620000001,April,2017,6099.0,1,3,0
CB,1043.0,M&E,220924.5845,-0.5482839620000001,April,2016,6099.0,1,3,0
CB,1043.0,M&E,523590.5465,-0.5482839620000001,April,2017,6099.0,1,3,0
CB,1044.0,F&P,93287.5474,-0.59842733,April,2016,6373.0,1,2,0
CB,1044.0,F&P,222969.5474,-0.59842733,April,2017,6373.0,1,2,0
NI,1071.0,T&R,2561020.341,1.528726399,April,2017,3492.0,2,6,0
NI,1090.0,M&E,12905.56574,-0.577914489,April,2017,6099.0,2,3,0
NI,1090.0,M&E,33641.442910000005,-0.577914489,April,2016,6099.0,2,3,0
CB,1095.0,F&P,6179.027491,-0.600047373,April,2017,6373.0,1,2,0
CB,1095.0,F&P,13226.66627,-0.600047373,April,2016,6373.0,1,2,0
OX,1098.0,MD,7793.654144,-0.55194918,April,2016,2085.0,3,4,0
OX,1098.0,MD,8331.213745000001,-0.55194918,April,2017,2085.0,3,4,0
NI,1099.0,M&E,549414.6267,-0.38278445899999997,April,2017,1386.0,2,3,0
NI,1099.0,M&E,736334.1594,-0.38278445899999997,April,2016,1386.0,2,3,0
OX,1100.0,MD,9867.031085999999,-0.579988151,April,2016,5295.0,3,4,0
OX,1100.0,MD,13756.048009999999,-0.579988151,April,2017,5295.0,3,4,0
NI,1106.0,T&R,1148239.752,4.276620451,April,2016,7574.0,2,6,0
NI,1106.0,T&R,3996264.5539999995,4.276620451,April,2017,7574.0,2,6,0
NI,1107.0,T&R,229395.0728,-0.388741622,April,2016,5287.0,2,6,0
NI,1107.0,T&R,633861.2568,-0.388741622,April,2017,5287.0,2,6,0
NI,1111.0,F&P,189746.4634,-0.505484568,April,2016,6370.0,2,2,0
NI,1111.0,F&P,205107.0294,-0.505484568,April,2017,6370.0,2,2,0
CB,1112.0,F&P,11684.3639,-0.5908087329999999,April,2017,1174.0,1,2,0
CB,1112.0,F&P,17163.7738,-0.5908087329999999,April,2016,1174.0,1,2,0
OX,1116.0,MD,24688.20039,-0.542085947,April,2017,6096.0,3,4,0
OX,1116.0,MD,68377.97047999999,-0.542085947,April,2016,6096.0,3,4,0
OX,1117.0,MD,49855.38327,-0.542085947,April,2016,6096.0,3,4,0
OX,1117.0,MD,72184.71742,-0.542085947,April,2017,6096.0,3,4,0
OX,1119.0,MD,21271.302000000003,-0.5767628379999999,April,2016,1599.0,3,4,0
OX,1119.0,MD,21912.176,-0.5767628379999999,April,2017,1599.0,3,4,0
NI,1124.0,T&R,253239.0174,0.369085137,April,2016,5287.0,2,6,0
NI,1124.0,T&R,472764.3692,0.369085137,April,2017,5287.0,2,6,0
NI,1125.0,T&R,6310.444890999999,0.369085137,April,2016,5287.0,2,6,0
NI,1125.0,T&R,13102.05561,0.369085137,April,2017,5287.0,2,6,0
NI,1126.0,T&R,248801.5974,0.369085137,April,2016,5287.0,2,6,0
NI,1126.0,T&R,687485.0942,0.369085137,April,2017,5287.0,2,6,0
NI,1136.0,F&P,14317.22909,-0.591397701,April,2017,6275.0,2,2,0
NI,1136.0,F&P,19668.21045,-0.591397701,April,2016,6275.0,2,2,0
NI,1146.0,T&R,808480.7629999999,1.528726399,April,2017,3492.0,2,6,0
OX,15.0,Others,4079.449692,0.148744522,March,2016,1098.0,3,5,7
OX,15.0,Others,20854.9267,0.148744522,March,2017,1098.0,3,5,7
NI,19.0,Chemicals,32428.82241,1.311563185,March,2016,6099.0,2,1,7
NI,19.0,Chemicals,37535.342710000004,1.311563185,March,2017,6099.0,2,1,7
NI,48.0,A&F,124083.737,-0.13991210699999998,March,2017,4692.0,2,0,7
NI,48.0,A&F,315095.2983,-0.13991210699999998,March,2016,4692.0,2,0,7
NI,50.0,T&R,1143785.547,-0.216252387,March,2016,1386.0,2,6,7
NI,58.0,F&P,34349.770319999996,-0.5493979520000001,March,2017,1284.0,2,2,7
NI,58.0,F&P,36231.439660000004,-0.5493979520000001,March,2016,1284.0,2,2,7
AR,66.0,Others,86781.26723,2.20539035,March,2016,5288.0,0,5,7
AR,66.0,Others,450556.2888,2.20539035,March,2017,5288.0,0,5,7
NI,103.0,T&R,44705.935260000006,-0.248480234,March,2016,5690.0,2,6,7
NI,103.0,T&R,557003.3283,-0.248480234,March,2017,5690.0,2,6,7
NI,133.0,F&P,58118.34477999999,-0.48359058200000005,March,2017,6373.0,2,2,7
NI,133.0,F&P,61012.65313,-0.48359058200000005,March,2016,6373.0,2,2,7
NI,144.0,Others,238076.5367,0.44793793,March,2016,1098.0,2,5,7
NI,145.0,T&R,961247.4583,1.528726399,March,2017,3492.0,2,6,7
NI,148.0,T&R,387958.01200000005,-0.388741622,March,2016,5287.0,2,6,7
NI,148.0,T&R,406578.2811,-0.388741622,March,2017,5287.0,2,6,7
NI,178.0,T&R,23464.41271,0.398252362,March,2016,3492.0,2,6,7
NI,178.0,T&R,36656.1515,0.398252362,March,2017,3492.0,2,6,7
NI,219.0,A&F,23688.33741,-0.13991210699999998,March,2017,4692.0,2,0,7
NI,219.0,A&F,61556.371439999995,-0.13991210699999998,March,2016,4692.0,2,0,7
NI,228.0,T&R,29254.1868,-0.5064954770000001,March,2016,6291.0,2,6,7
NI,228.0,T&R,177956.2815,-0.5064954770000001,March,2017,6291.0,2,6,7
NI,240.0,T&R,2083.7039999999997,-0.5570986960000001,March,2016,0.0,2,6,7
NI,240.0,T&R,111936.44699999999,-0.5570986960000001,March,2017,0.0,2,6,7
NI,244.0,Others,188399.0172,-0.510435148,March,2017,4988.0,2,5,7
NI,270.0,T&R,14196.11694,-0.388741622,March,2016,5287.0,2,6,7
NI,270.0,T&R,20511.672730000002,-0.388741622,March,2017,5287.0,2,6,7
OX,272.0,MD,10329.369120000001,-0.475529975,March,2016,5746.0,3,4,7
OX,272.0,MD,31270.07858,-0.475529975,March,2017,5746.0,3,4,7
NI,278.0,T&R,56508.7117,-0.47158435299999996,March,2016,1399.0,2,6,7
NI,278.0,T&R,68520.32483,-0.47158435299999996,March,2017,1399.0,2,6,7
NI,288.0,F&P,2454.06386,-0.551440209,March,2016,7389.0,2,2,7
NI,288.0,F&P,83533.64106000001,-0.551440209,March,2017,7389.0,2,2,7
NI,343.0,T&R,1431507.531,0.544737119,March,2016,3492.0,2,6,7
NI,345.0,T&R,323273.2877,1.528726399,March,2017,3492.0,2,6,7
NI,348.0,T&R,824115.8121,0.84524383,March,2016,7687.0,2,6,7
NI,348.0,T&R,907723.5779,0.84524383,March,2017,7687.0,2,6,7
NI,361.0,T&R,769409.0092,-0.072595609,March,2016,0.0,2,6,7
NI,361.0,T&R,784974.3990000001,-0.072595609,March,2017,0.0,2,6,7
CB,370.0,T&R,3225.62623,-0.595282627,March,2016,1098.0,1,6,7
CB,370.0,T&R,358499.6553,-0.595282627,March,2017,1098.0,1,6,7
OX,378.0,F&P,29347.0994,-0.48359058200000005,March,2017,6373.0,3,2,7
OX,378.0,F&P,36255.81783,-0.48359058200000005,March,2016,6373.0,3,2,7
NI,403.0,T&R,450102.2538,-0.04274655,March,2016,0.0,2,6,7
NI,440.0,F&P,2829250.6569999997,0.39379728,March,2016,6374.0,2,2,7
NI,440.0,F&P,3028976.0939999996,0.39379728,March,2017,6374.0,2,2,7
CB,441.0,F&P,46154.86,-0.596043488,March,2017,6374.0,1,2,7
CB,441.0,F&P,53869.84,-0.596043488,March,2016,6374.0,1,2,7
NI,455.0,Others,20729.60239,0.148744522,March,2016,1098.0,2,5,7
CB,460.0,F&P,3058.36,-0.600047373,March,2017,6373.0,1,2,7
NI,468.0,T&R,8400.60214,-0.578211409,March,2016,1174.0,2,6,7
NI,518.0,M&E,1937.57154,-0.570296751,March,2016,6375.0,2,3,7
NI,518.0,M&E,52696.99662,-0.570296751,March,2017,6375.0,2,3,7
NI,520.0,T&R,201479.5457,0.922319133,March,2017,1190.0,2,6,7
NI,520.0,T&R,2257902.595,0.922319133,March,2016,1190.0,2,6,7
NI,532.0,T&R,1374184.696,4.276620451,March,2017,7574.0,2,6,7
NI,532.0,T&R,1406469.004,4.276620451,March,2016,7574.0,2,6,7
NI,540.0,T&R,508917.7898,1.904847873,March,2016,7684.0,2,6,7
NI,560.0,A&F,378274.9164,-0.409902106,March,2017,4987.0,2,0,7
NI,560.0,A&F,381959.4123,-0.409902106,March,2016,4987.0,2,0,7
NI,562.0,A&F,379005.3975,-0.43120708399999996,March,2016,6277.0,2,0,7
NI,562.0,A&F,390927.2429,-0.43120708399999996,March,2017,6277.0,2,0,7
NI,590.0,T&R,179393.1298,-0.504896735,March,2016,7382.0,2,6,7
AR,612.0,A&F,134778.5429,-0.337577921,March,2016,7975.0,0,0,7
AR,612.0,A&F,199133.0868,-0.337577921,March,2017,7975.0,0,0,7
NI,622.0,M&E,135721.9706,0.126202049,March,2016,986.0,2,3,7
NI,622.0,M&E,674481.5613,0.126202049,March,2017,986.0,2,3,7
NI,644.0,A&F,413682.6158,0.110949466,March,2016,4692.0,2,0,7
NI,644.0,A&F,559601.5433,0.110949466,March,2017,4692.0,2,0,7
NI,658.0,T&R,384104.9535,-0.218889833,March,2016,7684.0,2,6,7
NI,658.0,T&R,1094149.268,-0.218889833,March,2017,7684.0,2,6,7
NI,671.0,T&R,910853.1988,4.276620451,March,2017,7574.0,2,6,7
NI,671.0,T&R,999128.1916,4.276620451,March,2016,7574.0,2,6,7
NI,747.0,M&E,44707.0688,-0.31988600899999997,March,2016,897.0,2,3,7
CB,766.0,T&R,1373.75,-0.599049996,March,2017,7392.0,1,6,7
CB,766.0,T&R,3171.4603850000003,-0.599049996,March,2016,7392.0,1,6,7
NI,772.0,M&E,37444.400460000004,-0.563647915,March,2016,791.0,2,3,7
OX,780.0,Others,5707.67534,-0.592797347,March,2016,1098.0,3,5,7
OX,780.0,Others,9023.82934,-0.592797347,March,2017,1098.0,3,5,7
CB,873.0,M&E,825661.2275,-0.5482839620000001,March,2017,6099.0,1,3,7
NI,920.0,F&P,9362.602684,-0.51263139,March,2016,1174.0,2,2,7
NI,920.0,F&P,65172.967710000004,-0.51263139,March,2017,1174.0,2,2,7
NI,925.0,T&R,912643.0975,0.149272784,March,2017,5696.0,2,6,7
NI,925.0,T&R,1269192.745,0.149272784,March,2016,5696.0,2,6,7
NI,955.0,T&R,343645.3835,-0.119736566,March,2017,1182.0,2,6,7
NI,955.0,T&R,417749.9655,-0.119736566,March,2016,1182.0,2,6,7
NI,983.0,A&F,41871.33292,-0.409902106,March,2017,4987.0,2,0,7
NI,983.0,A&F,44859.22739,-0.409902106,March,2016,4987.0,2,0,7
NI,994.0,M&E,63173.432660000006,-0.445163105,March,2016,6275.0,2,3,7
NI,994.0,M&E,383018.9942,-0.445163105,March,2017,6275.0,2,3,7
NI,1009.0,T&R,100340.4298,-0.47158435299999996,March,2016,1399.0,2,6,7
NI,1009.0,T&R,210955.6304,-0.47158435299999996,March,2017,1399.0,2,6,7
OX,1030.0,A&F,75665.9616,-0.5190491279999999,March,2017,992.0,3,0,7
OX,1030.0,A&F,182378.9558,-0.5190491279999999,March,2016,992.0,3,0,7
OX,1031.0,A&F,118572.3189,-0.481100818,March,2016,992.0,3,0,7
OX,1031.0,A&F,527867.1472,-0.481100818,March,2017,992.0,3,0,7
CB,1032.0,A&F,447867.5886,-0.597714245,March,2016,992.0,1,0,7
CB,1032.0,A&F,869932.1958,-0.597714245,March,2017,992.0,1,0,7
CB,1033.0,A&F,187650.9216,-0.597714245,March,2016,992.0,1,0,7
CB,1033.0,A&F,1261620.6940000001,-0.597714245,March,2017,992.0,1,0,7
NI,1035.0,T&R,111644.7438,1.904847873,March,2016,7684.0,2,6,7
NI,1035.0,T&R,136916.7931,1.904847873,March,2017,7684.0,2,6,7
NI,1039.0,F&P,171900.7296,-0.525729332,March,2016,6373.0,2,2,7
NI,1039.0,F&P,327905.7334,-0.525729332,March,2017,6373.0,2,2,7
CB,1042.0,M&E,400902.0759,-0.5482839620000001,March,2017,6099.0,1,3,7
CB,1042.0,M&E,488203.8851,-0.5482839620000001,March,2016,6099.0,1,3,7
CB,1043.0,M&E,365433.7681,-0.5482839620000001,March,2016,6099.0,1,3,7
CB,1043.0,M&E,509976.7735,-0.5482839620000001,March,2017,6099.0,1,3,7
CB,1044.0,F&P,84776.4832,-0.59842733,March,2016,6373.0,1,2,7
CB,1044.0,F&P,101214.3832,-0.59842733,March,2017,6373.0,1,2,7
NI,1071.0,T&R,2623443.48,1.528726399,March,2017,3492.0,2,6,7
NI,1090.0,M&E,14693.71613,-0.577914489,March,2017,6099.0,2,3,7
NI,1090.0,M&E,35931.19607,-0.577914489,March,2016,6099.0,2,3,7
CB,1095.0,F&P,985.7719642000001,-0.600047373,March,2017,6373.0,1,2,7
CB,1095.0,F&P,16960.74712,-0.600047373,March,2016,6373.0,1,2,7
OX,1098.0,MD,7429.7978840000005,-0.55194918,March,2016,2085.0,3,4,7
OX,1098.0,MD,7456.0975579999995,-0.55194918,March,2017,2085.0,3,4,7
NI,1099.0,M&E,541088.0602,-0.38278445899999997,March,2017,1386.0,2,3,7
NI,1099.0,M&E,706979.7669,-0.38278445899999997,March,2016,1386.0,2,3,7
OX,1100.0,MD,7330.919431,-0.579988151,March,2016,5295.0,3,4,7
OX,1100.0,MD,11211.7309,-0.579988151,March,2017,5295.0,3,4,7
NI,1106.0,T&R,1379445.6090000002,4.276620451,March,2016,7574.0,2,6,7
NI,1106.0,T&R,3121852.028,4.276620451,March,2017,7574.0,2,6,7
NI,1107.0,T&R,193743.0267,-0.388741622,March,2016,5287.0,2,6,7
NI,1107.0,T&R,392287.3063,-0.388741622,March,2017,5287.0,2,6,7
NI,1111.0,F&P,126108.2404,-0.505484568,March,2016,6370.0,2,2,7
NI,1111.0,F&P,216089.0538,-0.505484568,March,2017,6370.0,2,2,7
CB,1112.0,F&P,14400.1499,-0.5908087329999999,March,2017,1174.0,1,2,7
CB,1112.0,F&P,17655.2152,-0.5908087329999999,March,2016,1174.0,1,2,7
OX,1116.0,MD,48387.624639999995,-0.542085947,March,2017,6096.0,3,4,7
OX,1116.0,MD,60864.61143,-0.542085947,March,2016,6096.0,3,4,7
OX,1117.0,MD,56822.31464,-0.542085947,March,2016,6096.0,3,4,7
OX,1117.0,MD,59683.420979999995,-0.542085947,March,2017,6096.0,3,4,7
OX,1119.0,MD,20137.3224,-0.5767628379999999,March,2017,1599.0,3,4,7
OX,1119.0,MD,21739.9156,-0.5767628379999999,March,2016,1599.0,3,4,7
NI,1124.0,T&R,427541.9767,0.369085137,March,2016,5287.0,2,6,7
NI,1124.0,T&R,448062.3931,0.369085137,March,2017,5287.0,2,6,7
NI,1125.0,T&R,14880.58733,0.369085137,March,2016,5287.0,2,6,7
NI,1125.0,T&R,21500.695880000003,0.369085137,March,2017,5287.0,2,6,7
NI,1126.0,T&R,210133.4346,0.369085137,March,2016,5287.0,2,6,7
NI,1126.0,T&R,425474.3018,0.369085137,March,2017,5287.0,2,6,7
NI,1136.0,F&P,17404.65827,-0.591397701,March,2016,6275.0,2,2,7
NI,1136.0,F&P,27303.82965,-0.591397701,March,2017,6275.0,2,2,7
NI,1146.0,T&R,739943.4335,1.528726399,March,2017,3492.0,2,6,7
OX,15.0,Others,7778.0516099999995,0.148744522,February,2016,1098.0,3,5,3
OX,15.0,Others,25368.09674,0.148744522,February,2017,1098.0,3,5,3
NI,19.0,Chemicals,10758.93384,1.311563185,February,2016,6099.0,2,1,3
NI,19.0,Chemicals,31661.80786,1.311563185,February,2017,6099.0,2,1,3
NI,48.0,A&F,76492.69126,-0.13991210699999998,February,2017,4692.0,2,0,3
NI,48.0,A&F,181595.4162,-0.13991210699999998,February,2016,4692.0,2,0,3
NI,50.0,T&R,469698.54600000003,-0.216252387,February,2016,1386.0,2,6,3
NI,58.0,F&P,21400.81318,-0.5493979520000001,February,2016,1284.0,2,2,3
NI,58.0,F&P,35595.15775,-0.5493979520000001,February,2017,1284.0,2,2,3
AR,66.0,Others,57642.17634,2.20539035,February,2016,5288.0,0,5,3
AR,66.0,Others,403615.7407,2.20539035,February,2017,5288.0,0,5,3
NI,103.0,T&R,144874.4378,-0.248480234,February,2017,5690.0,2,6,3
NI,103.0,T&R,262812.1502,-0.248480234,February,2016,5690.0,2,6,3
NI,133.0,F&P,59938.830429999995,-0.48359058200000005,February,2017,6373.0,2,2,3
NI,133.0,F&P,61400.495720000006,-0.48359058200000005,February,2016,6373.0,2,2,3
NI,144.0,Others,90007.95367999999,0.44793793,February,2016,1098.0,2,5,3
NI,145.0,T&R,85895.14525,1.528726399,February,2016,3492.0,2,6,3
NI,145.0,T&R,234538.1219,1.528726399,February,2017,3492.0,2,6,3
NI,148.0,T&R,289942.4881,-0.388741622,February,2016,5287.0,2,6,3
NI,148.0,T&R,361040.227,-0.388741622,February,2017,5287.0,2,6,3
NI,178.0,T&R,9679.49745,0.398252362,February,2016,3492.0,2,6,3
NI,178.0,T&R,45612.7883,0.398252362,February,2017,3492.0,2,6,3
NI,219.0,A&F,15932.887680000002,-0.13991210699999998,February,2017,4692.0,2,0,3
NI,219.0,A&F,29490.76115,-0.13991210699999998,February,2016,4692.0,2,0,3
NI,228.0,T&R,45760.6644,-0.5064954770000001,February,2017,6291.0,2,6,3
NI,228.0,T&R,45810.8259,-0.5064954770000001,February,2016,6291.0,2,6,3
NI,240.0,T&R,23439.19725,-0.5570986960000001,February,2016,0.0,2,6,3
NI,240.0,T&R,27564.5685,-0.5570986960000001,February,2017,0.0,2,6,3
NI,244.0,Others,155568.9461,-0.510435148,February,2017,4988.0,2,5,3
NI,270.0,T&R,20092.80191,-0.388741622,February,2017,5287.0,2,6,3
NI,270.0,T&R,21149.13622,-0.388741622,February,2016,5287.0,2,6,3
OX,272.0,MD,12474.769409999999,-0.475529975,February,2016,5746.0,3,4,3
OX,272.0,MD,25794.696509999998,-0.475529975,February,2017,5746.0,3,4,3
NI,278.0,T&R,17158.64461,-0.47158435299999996,February,2017,1399.0,2,6,3
NI,278.0,T&R,25325.34281,-0.47158435299999996,February,2016,1399.0,2,6,3
NI,288.0,F&P,21721.93979,-0.551440209,February,2017,7389.0,2,2,3
NI,288.0,F&P,28557.7147,-0.551440209,February,2016,7389.0,2,2,3
NI,343.0,T&R,484958.5934,0.544737119,February,2016,3492.0,2,6,3
NI,345.0,T&R,31157.030410000003,1.528726399,February,2016,3492.0,2,6,3
NI,345.0,T&R,383758.5273,1.528726399,February,2017,3492.0,2,6,3
NI,348.0,T&R,395585.217,0.84524383,February,2016,7687.0,2,6,3
NI,348.0,T&R,834912.7618,0.84524383,February,2017,7687.0,2,6,3
NI,361.0,T&R,194829.63100000002,-0.072595609,February,2017,0.0,2,6,3
NI,361.0,T&R,269971.7995,-0.072595609,February,2016,0.0,2,6,3
CB,370.0,T&R,3572.540495,-0.595282627,February,2016,1098.0,1,6,3
CB,370.0,T&R,38643.73665,-0.595282627,February,2017,1098.0,1,6,3
OX,378.0,F&P,25272.151840000002,-0.48359058200000005,February,2016,6373.0,3,2,3
OX,378.0,F&P,29597.577830000002,-0.48359058200000005,February,2017,6373.0,3,2,3
NI,403.0,T&R,257122.1659,-0.04274655,February,2016,0.0,2,6,3
NI,440.0,F&P,760620.8956,0.39379728,February,2016,6374.0,2,2,3
NI,440.0,F&P,2530709.875,0.39379728,February,2017,6374.0,2,2,3
CB,441.0,F&P,7331.9,-0.596043488,February,2016,6374.0,1,2,3
CB,441.0,F&P,44575.44,-0.596043488,February,2017,6374.0,1,2,3
NI,455.0,Others,44413.8713,0.148744522,February,2016,1098.0,2,5,3
CB,460.0,F&P,11847.22,-0.600047373,February,2017,6373.0,1,2,3
NI,468.0,T&R,79018.79787000001,-0.578211409,February,2016,1174.0,2,6,3
NI,518.0,M&E,13560.3255,-0.570296751,February,2017,6375.0,2,3,3
NI,518.0,M&E,16422.652159999998,-0.570296751,February,2016,6375.0,2,3,3
NI,520.0,T&R,39542.71457,0.922319133,February,2017,1190.0,2,6,3
NI,520.0,T&R,975222.0481,0.922319133,February,2016,1190.0,2,6,3
NI,532.0,T&R,359057.54299999995,4.276620451,February,2017,7574.0,2,6,3
NI,532.0,T&R,499124.4183,4.276620451,February,2016,7574.0,2,6,3
NI,540.0,T&R,274846.953,1.904847873,February,2016,7684.0,2,6,3
NI,560.0,A&F,178705.7612,-0.409902106,February,2016,4987.0,2,0,3
NI,560.0,A&F,333577.92100000003,-0.409902106,February,2017,4987.0,2,0,3
NI,562.0,A&F,90502.17302999999,-0.43120708399999996,February,2017,6277.0,2,0,3
NI,562.0,A&F,192956.38100000002,-0.43120708399999996,February,2016,6277.0,2,0,3
NI,590.0,T&R,79997.5602,-0.504896735,February,2016,7382.0,2,6,3
AR,612.0,A&F,65425.41696,-0.337577921,February,2016,7975.0,0,0,3
AR,612.0,A&F,190076.45899999997,-0.337577921,February,2017,7975.0,0,0,3
NI,622.0,M&E,128202.7617,0.126202049,February,2017,986.0,2,3,3
NI,622.0,M&E,131036.8865,0.126202049,February,2016,986.0,2,3,3
NI,644.0,A&F,160121.1035,0.110949466,February,2016,4692.0,2,0,3
NI,644.0,A&F,472681.3946,0.110949466,February,2017,4692.0,2,0,3
NI,658.0,T&R,242606.71899999998,-0.218889833,February,2017,7684.0,2,6,3
NI,658.0,T&R,341189.8952,-0.218889833,February,2016,7684.0,2,6,3
NI,671.0,T&R,356320.1629,4.276620451,February,2017,7574.0,2,6,3
NI,671.0,T&R,370348.745,4.276620451,February,2016,7574.0,2,6,3
NI,747.0,M&E,26958.97491,-0.31988600899999997,February,2016,897.0,2,3,3
CB,766.0,T&R,3038.735,-0.599049996,February,2016,7392.0,1,6,3
CB,766.0,T&R,3158.84,-0.599049996,February,2017,7392.0,1,6,3
NI,772.0,M&E,32130.625560000004,-0.563647915,February,2016,791.0,2,3,3
OX,780.0,Others,1360.4876869999998,-0.592797347,February,2016,1098.0,3,5,3
OX,780.0,Others,7744.42378,-0.592797347,February,2017,1098.0,3,5,3
CB,873.0,M&E,54231.598139999995,-0.5482839620000001,February,2016,6099.0,1,3,3
CB,873.0,M&E,782840.4113,-0.5482839620000001,February,2017,6099.0,1,3,3
NI,920.0,F&P,4246.043804999999,-0.51263139,February,2016,1174.0,2,2,3
NI,920.0,F&P,54705.48051,-0.51263139,February,2017,1174.0,2,2,3
NI,925.0,T&R,531101.1355,0.149272784,February,2016,5696.0,2,6,3
NI,925.0,T&R,863053.1843,0.149272784,February,2017,5696.0,2,6,3
NI,955.0,T&R,201285.4009,-0.119736566,February,2016,1182.0,2,6,3
NI,955.0,T&R,315834.8588,-0.119736566,February,2017,1182.0,2,6,3
NI,983.0,A&F,18125.58814,-0.409902106,February,2016,4987.0,2,0,3
NI,983.0,A&F,40276.81752,-0.409902106,February,2017,4987.0,2,0,3
NI,994.0,M&E,306491.902,-0.445163105,February,2017,6275.0,2,3,3
NI,994.0,M&E,318302.2961,-0.445163105,February,2016,6275.0,2,3,3
NI,1009.0,T&R,43327.69914,-0.47158435299999996,February,2016,1399.0,2,6,3
NI,1009.0,T&R,58688.39423,-0.47158435299999996,February,2017,1399.0,2,6,3
OX,1030.0,A&F,21944.2668,-0.5190491279999999,February,2017,992.0,3,0,3
OX,1030.0,A&F,63288.3014,-0.5190491279999999,February,2016,992.0,3,0,3
OX,1031.0,A&F,36277.5033,-0.481100818,February,2016,992.0,3,0,3
OX,1031.0,A&F,138879.74300000002,-0.481100818,February,2017,992.0,3,0,3
CB,1032.0,A&F,132507.8901,-0.597714245,February,2016,992.0,1,0,3
CB,1032.0,A&F,968750.0211,-0.597714245,February,2017,992.0,1,0,3
CB,1033.0,A&F,80446.8,-0.597714245,February,2016,992.0,1,0,3
CB,1033.0,A&F,1025917.929,-0.597714245,February,2017,992.0,1,0,3
NI,1035.0,T&R,33228.667669999995,1.904847873,February,2017,7684.0,2,6,3
NI,1035.0,T&R,59947.641079999994,1.904847873,February,2016,7684.0,2,6,3
NI,1039.0,F&P,15547.18289,-0.525729332,February,2016,6373.0,2,2,3
NI,1039.0,F&P,206985.2505,-0.525729332,February,2017,6373.0,2,2,3
CB,1042.0,M&E,100962.8323,-0.5482839620000001,February,2016,6099.0,1,3,3
CB,1042.0,M&E,350947.8071,-0.5482839620000001,February,2017,6099.0,1,3,3
CB,1043.0,M&E,137106.716,-0.5482839620000001,February,2016,6099.0,1,3,3
CB,1043.0,M&E,438376.9331,-0.5482839620000001,February,2017,6099.0,1,3,3
CB,1044.0,F&P,59173.61709,-0.59842733,February,2016,6373.0,1,2,3
CB,1044.0,F&P,110053.4047,-0.59842733,February,2017,6373.0,1,2,3
NI,1071.0,T&R,71144.3594,1.528726399,February,2016,3492.0,2,6,3
NI,1071.0,T&R,2216537.38,1.528726399,February,2017,3492.0,2,6,3
NI,1090.0,M&E,7841.7755019999995,-0.577914489,February,2016,6099.0,2,3,3
NI,1090.0,M&E,11007.39825,-0.577914489,February,2017,6099.0,2,3,3
CB,1095.0,F&P,14477.75536,-0.600047373,February,2017,6373.0,1,2,3
CB,1095.0,F&P,18118.57481,-0.600047373,February,2016,6373.0,1,2,3
OX,1098.0,MD,2276.30605,-0.55194918,February,2016,2085.0,3,4,3
OX,1098.0,MD,9957.130476999999,-0.55194918,February,2017,2085.0,3,4,3
NI,1099.0,M&E,335555.1309,-0.38278445899999997,February,2016,1386.0,2,3,3
NI,1099.0,M&E,513622.2697,-0.38278445899999997,February,2017,1386.0,2,3,3
OX,1100.0,MD,4342.056068,-0.579988151,February,2016,5295.0,3,4,3
OX,1100.0,MD,8360.859662,-0.579988151,February,2017,5295.0,3,4,3
NI,1106.0,T&R,622739.4583,4.276620451,February,2017,7574.0,2,6,3
NI,1106.0,T&R,639534.2156,4.276620451,February,2016,7574.0,2,6,3
NI,1107.0,T&R,163395.5243,-0.388741622,February,2017,5287.0,2,6,3
NI,1107.0,T&R,280902.2191,-0.388741622,February,2016,5287.0,2,6,3
NI,1111.0,F&P,55572.2538,-0.505484568,February,2016,6370.0,2,2,3
NI,1111.0,F&P,151171.1552,-0.505484568,February,2017,6370.0,2,2,3
CB,1112.0,F&P,14955.0978,-0.5908087329999999,February,2017,1174.0,1,2,3
CB,1112.0,F&P,28202.224,-0.5908087329999999,February,2016,1174.0,1,2,3
OX,1116.0,MD,28065.047089999996,-0.542085947,February,2016,6096.0,3,4,3
OX,1116.0,MD,63032.28022000001,-0.542085947,February,2017,6096.0,3,4,3
OX,1117.0,MD,19141.18558,-0.542085947,February,2016,6096.0,3,4,3
OX,1117.0,MD,32211.46338,-0.542085947,February,2017,6096.0,3,4,3
OX,1119.0,MD,18717.1946,-0.5767628379999999,February,2017,1599.0,3,4,3
OX,1119.0,MD,24336.21183,-0.5767628379999999,February,2016,1599.0,3,4,3
NI,1124.0,T&R,313755.9255,0.369085137,February,2016,5287.0,2,6,3
NI,1124.0,T&R,397878.0652,0.369085137,February,2017,5287.0,2,6,3
NI,1125.0,T&R,18685.43743,0.369085137,February,2016,5287.0,2,6,3
NI,1125.0,T&R,21061.64899,0.369085137,February,2017,5287.0,2,6,3
NI,1126.0,T&R,177218.573,0.369085137,February,2017,5287.0,2,6,3
NI,1126.0,T&R,295971.4655,0.369085137,February,2016,5287.0,2,6,3
NI,1136.0,F&P,12991.65015,-0.591397701,February,2017,6275.0,2,2,3
NI,1136.0,F&P,15235.496659999999,-0.591397701,February,2016,6275.0,2,2,3
NI,1146.0,T&R,15607.8253,1.528726399,February,2016,3492.0,2,6,3
NI,1146.0,T&R,213164.081,1.528726399,February,2017,3492.0,2,6,3
OX,15.0,Others,30047.319710000003,0.148744522,January,2017,1098.0,3,5,4
NI,19.0,Chemicals,39601.44497,1.311563185,January,2017,6099.0,2,1,4
NI,48.0,A&F,195123.2876,-0.13991210699999998,January,2016,4692.0,2,0,4
NI,58.0,F&P,30900.732460000003,-0.5493979520000001,January,2016,1284.0,2,2,4
NI,58.0,F&P,39712.97102,-0.5493979520000001,January,2017,1284.0,2,2,4
AR,66.0,Others,81696.57118,2.20539035,January,2016,5288.0,0,5,4
AR,66.0,Others,453425.008,2.20539035,January,2017,5288.0,0,5,4
NI,133.0,F&P,2709.621395,-0.48359058200000005,January,2016,6373.0,2,2,4
NI,133.0,F&P,67426.56706,-0.48359058200000005,January,2017,6373.0,2,2,4
NI,148.0,T&R,108385.9297,-0.388741622,January,2016,5287.0,2,6,4
NI,148.0,T&R,510407.427,-0.388741622,January,2017,5287.0,2,6,4
NI,178.0,T&R,45424.58235,0.398252362,January,2017,3492.0,2,6,4
NI,219.0,A&F,35553.794369999996,-0.13991210699999998,January,2016,4692.0,2,0,4
NI,228.0,T&R,69617.4738,-0.5064954770000001,January,2016,6291.0,2,6,4
NI,244.0,Others,154300.5546,-0.510435148,January,2017,4988.0,2,5,4
NI,270.0,T&R,5236.7714240000005,-0.388741622,January,2016,5287.0,2,6,4
NI,270.0,T&R,20892.14213,-0.388741622,January,2017,5287.0,2,6,4
OX,272.0,MD,30887.56535,-0.475529975,January,2017,5746.0,3,4,4
NI,288.0,F&P,64469.66517000001,-0.551440209,January,2016,7389.0,2,2,4
NI,345.0,T&R,455673.0865,1.528726399,January,2017,3492.0,2,6,4
NI,348.0,T&R,721593.4079,0.84524383,January,2016,7687.0,2,6,4
NI,348.0,T&R,921490.5311,0.84524383,January,2017,7687.0,2,6,4
NI,361.0,T&R,730271.9986,-0.072595609,January,2016,0.0,2,6,4
CB,370.0,T&R,129949.8318,-0.595282627,January,2017,1098.0,1,6,4
OX,378.0,F&P,29373.26879,-0.48359058200000005,January,2016,6373.0,3,2,4
OX,378.0,F&P,32502.3799,-0.48359058200000005,January,2017,6373.0,3,2,4
NI,403.0,T&R,628664.6576,-0.04274655,January,2016,0.0,2,6,4
NI,440.0,F&P,2257803.225,0.39379728,January,2017,6374.0,2,2,4
CB,441.0,F&P,32335.72,-0.596043488,January,2017,6374.0,1,2,4
CB,460.0,F&P,4644.06,-0.600047373,January,2016,6373.0,1,2,4
CB,460.0,F&P,12409.28,-0.600047373,January,2017,6373.0,1,2,4
NI,518.0,M&E,41449.0048,-0.570296751,January,2016,6375.0,2,3,4
NI,560.0,A&F,245381.263,-0.409902106,January,2016,4987.0,2,0,4
NI,560.0,A&F,351224.4469,-0.409902106,January,2017,4987.0,2,0,4
NI,562.0,A&F,271660.4857,-0.43120708399999996,January,2016,6277.0,2,0,4
AR,612.0,A&F,118003.8789,-0.337577921,January,2016,7975.0,0,0,4
AR,612.0,A&F,212480.2523,-0.337577921,January,2017,7975.0,0,0,4
NI,622.0,M&E,204061.9982,0.126202049,January,2016,986.0,2,3,4
NI,644.0,A&F,406654.3915,0.110949466,January,2017,4692.0,2,0,4
NI,747.0,M&E,59747.22083,-0.31988600899999997,January,2016,897.0,2,3,4
CB,766.0,T&R,2720.025,-0.599049996,January,2016,7392.0,1,6,4
CB,766.0,T&R,3507.38,-0.599049996,January,2017,7392.0,1,6,4
NI,772.0,M&E,35660.49032,-0.563647915,January,2016,791.0,2,3,4
OX,780.0,Others,6677.982868,-0.592797347,January,2017,1098.0,3,5,4
CB,873.0,M&E,465721.9514,-0.5482839620000001,January,2017,6099.0,1,3,4
NI,920.0,F&P,65593.00645,-0.51263139,January,2017,1174.0,2,2,4
NI,925.0,T&R,879794.9546,0.149272784,January,2017,5696.0,2,6,4
NI,955.0,T&R,67468.931,-0.119736566,January,2016,1182.0,2,6,4
NI,955.0,T&R,338558.7489,-0.119736566,January,2017,1182.0,2,6,4
NI,983.0,A&F,36481.46279,-0.409902106,January,2016,4987.0,2,0,4
NI,983.0,A&F,39087.48977,-0.409902106,January,2017,4987.0,2,0,4
NI,994.0,M&E,354269.2076,-0.445163105,January,2017,6275.0,2,3,4
CB,1032.0,A&F,900335.8417,-0.597714245,January,2017,992.0,1,0,4
CB,1033.0,A&F,1143577.874,-0.597714245,January,2017,992.0,1,0,4
NI,1039.0,F&P,229313.5458,-0.525729332,January,2016,6373.0,2,2,4
NI,1039.0,F&P,294365.8282,-0.525729332,January,2017,6373.0,2,2,4
CB,1042.0,M&E,424884.0859,-0.5482839620000001,January,2017,6099.0,1,3,4
CB,1043.0,M&E,507853.8223,-0.5482839620000001,January,2017,6099.0,1,3,4
CB,1044.0,F&P,42771.85231,-0.59842733,January,2016,6373.0,1,2,4
CB,1044.0,F&P,132730.8049,-0.59842733,January,2017,6373.0,1,2,4
NI,1071.0,T&R,2515466.797,1.528726399,January,2017,3492.0,2,6,4
NI,1090.0,M&E,13691.016259999999,-0.577914489,January,2017,6099.0,2,3,4
CB,1095.0,F&P,5746.82453,-0.600047373,January,2016,6373.0,1,2,4
CB,1095.0,F&P,15355.75574,-0.600047373,January,2017,6373.0,1,2,4
OX,1098.0,MD,9606.637182999999,-0.55194918,January,2017,2085.0,3,4,4
NI,1099.0,M&E,604355.6086,-0.38278445899999997,January,2017,1386.0,2,3,4
NI,1099.0,M&E,613325.1578,-0.38278445899999997,January,2016,1386.0,2,3,4
OX,1100.0,MD,10795.61029,-0.579988151,January,2017,5295.0,3,4,4
NI,1107.0,T&R,109370.2794,-0.388741622,January,2016,5287.0,2,6,4
NI,1107.0,T&R,250474.96300000002,-0.388741622,January,2017,5287.0,2,6,4
NI,1111.0,F&P,119708.8815,-0.505484568,January,2016,6370.0,2,2,4
NI,1111.0,F&P,156497.1918,-0.505484568,January,2017,6370.0,2,2,4
CB,1112.0,F&P,11859.163279999999,-0.5908087329999999,January,2017,1174.0,1,2,4
CB,1112.0,F&P,21274.77825,-0.5908087329999999,January,2016,1174.0,1,2,4
OX,1116.0,MD,57900.28097000001,-0.542085947,January,2017,6096.0,3,4,4
OX,1116.0,MD,71927.25932000001,-0.542085947,January,2016,6096.0,3,4,4
OX,1117.0,MD,28628.87425,-0.542085947,January,2017,6096.0,3,4,4
OX,1117.0,MD,38593.02222,-0.542085947,January,2016,6096.0,3,4,4
OX,1119.0,MD,20560.2176,-0.5767628379999999,January,2017,1599.0,3,4,4
OX,1119.0,MD,41609.139039999995,-0.5767628379999999,January,2016,1599.0,3,4,4
NI,1124.0,T&R,562485.0216,0.369085137,January,2017,5287.0,2,6,4
NI,1125.0,T&R,21899.52996,0.369085137,January,2017,5287.0,2,6,4
NI,1126.0,T&R,271664.8189,0.369085137,January,2017,5287.0,2,6,4
NI,1136.0,F&P,14505.256830000002,-0.591397701,January,2017,6275.0,2,2,4
NI,1136.0,F&P,28154.12281,-0.591397701,January,2016,6275.0,2,2,4
AR,798.0,Others,157263.8658,2.20539035,December,2016,5288.0,0,5,2
AR,798.0,Others,496030.677,2.20539035,December,2017,5288.0,0,5,2
OX,1114.0,F&P,5111.680278,-0.40753164399999997,December,2016,1174.0,3,2,2
OX,1114.0,F&P,8283.862881000001,-0.40753164399999997,December,2017,1174.0,3,2,2
NI,1131.0,T&R,171776.4739,-0.47065965200000004,December,2017,7577.0,2,6,2
NI,1143.0,F&P,0.0,-0.40753164399999997,December,2017,1174.0,2,2,2
NI,1156.0,T&R,2163928.096,0.336534719,December,2017,1386.0,2,6,2
OX,1173.0,F&P,17877.53976,-0.505484568,December,2017,6370.0,3,2,2
CB,1174.0,F&P,16924.914,-0.505484568,December,2017,6370.0,1,2,2
NI,1176.0,T&R,1735694.9109999998,0.196900441,December,2017,3492.0,2,6,2
NI,1180.0,F&P,12678.5978,-0.40753164399999997,December,2017,1174.0,2,2,2
AR,798.0,Others,438087.235,2.20539035,November,2017,5288.0,0,5,9
OX,1114.0,F&P,9209.597448,-0.40753164399999997,November,2017,1174.0,3,2,9
OX,1114.0,F&P,213297.6773,-0.40753164399999997,November,2016,1174.0,3,2,9
NI,1131.0,T&R,163845.1004,-0.47065965200000004,November,2017,7577.0,2,6,9
NI,1143.0,F&P,0.0,-0.40753164399999997,November,2017,1174.0,2,2,9
NI,1156.0,T&R,2077566.7130000002,0.336534719,November,2017,1386.0,2,6,9
OX,1173.0,F&P,17628.322669999998,-0.505484568,November,2017,6370.0,3,2,9
CB,1174.0,F&P,11236.176000000001,-0.505484568,November,2017,6370.0,1,2,9
NI,1176.0,T&R,1656281.9,0.196900441,November,2017,3492.0,2,6,9
NI,1180.0,F&P,6240.0906,-0.40753164399999997,November,2017,1174.0,2,2,9
AR,798.0,Others,420235.5668,2.20539035,October,2017,5288.0,0,5,10
OX,1114.0,F&P,7117.664337,-0.40753164399999997,October,2016,1174.0,3,2,10
OX,1114.0,F&P,9245.177028,-0.40753164399999997,October,2017,1174.0,3,2,10
NI,1131.0,T&R,129022.0956,-0.47065965200000004,October,2017,7577.0,2,6,10
NI,1143.0,F&P,0.0,-0.40753164399999997,October,2017,1174.0,2,2,10
NI,1156.0,T&R,2117439.5319999997,0.336534719,October,2017,1386.0,2,6,10
OX,1173.0,F&P,15897.57194,-0.505484568,October,2017,6370.0,3,2,10
CB,1174.0,F&P,6845.514,-0.505484568,October,2017,6370.0,1,2,10
NI,1176.0,T&R,1776003.355,0.196900441,October,2017,3492.0,2,6,10
NI,1180.0,F&P,6981.3661,-0.40753164399999997,October,2017,1174.0,2,2,10
AR,798.0,Others,389590.1472,2.20539035,September,2017,5288.0,0,5,11
OX,1114.0,F&P,9338.470352,-0.40753164399999997,September,2016,1174.0,3,2,11
OX,1114.0,F&P,11642.62499,-0.40753164399999997,September,2017,1174.0,3,2,11
NI,1131.0,T&R,133492.2891,-0.47065965200000004,September,2017,7577.0,2,6,11
NI,1143.0,F&P,0.0,-0.40753164399999997,September,2017,1174.0,2,2,11
NI,1156.0,T&R,2072138.124,0.336534719,September,2017,1386.0,2,6,11
OX,1173.0,F&P,21378.97103,-0.505484568,September,2017,6370.0,3,2,11
CB,1174.0,F&P,10255.554,-0.505484568,September,2017,6370.0,1,2,11
NI,1176.0,T&R,1725151.6330000001,0.196900441,September,2017,3492.0,2,6,11
NI,1180.0,F&P,9569.6995,-0.40753164399999997,September,2017,1174.0,2,2,11
AR,798.0,Others,410826.0338,2.20539035,August,2017,5288.0,0,5,1
OX,1114.0,F&P,9209.873505,-0.40753164399999997,August,2016,1174.0,3,2,1
OX,1114.0,F&P,11696.86037,-0.40753164399999997,August,2017,1174.0,3,2,1
NI,1131.0,T&R,177723.2869,-0.47065965200000004,August,2017,7577.0,2,6,1
NI,1143.0,F&P,0.0,-0.40753164399999997,August,2017,1174.0,2,2,1
NI,1156.0,T&R,2136261.242,0.336534719,August,2017,1386.0,2,6,1
OX,1173.0,F&P,21238.52825,-0.505484568,August,2017,6370.0,3,2,1
CB,1174.0,F&P,11235.233999999999,-0.505484568,August,2017,6370.0,1,2,1
NI,1176.0,T&R,1711892.945,0.196900441,August,2017,3492.0,2,6,1
NI,1180.0,F&P,9713.4958,-0.40753164399999997,August,2017,1174.0,2,2,1
AR,798.0,Others,429537.98299999995,2.20539035,July,2017,5288.0,0,5,5
OX,1114.0,F&P,7755.684805,-0.40753164399999997,July,2016,1174.0,3,2,5
OX,1114.0,F&P,10185.206979999999,-0.40753164399999997,July,2017,1174.0,3,2,5
NI,1131.0,T&R,157471.0675,-0.47065965200000004,July,2017,7577.0,2,6,5
NI,1143.0,F&P,0.0,-0.40753164399999997,July,2017,1174.0,2,2,5
NI,1156.0,T&R,520551.8952,0.336534719,July,2016,1386.0,2,6,5
NI,1156.0,T&R,2147397.095,0.336534719,July,2017,1386.0,2,6,5
OX,1173.0,F&P,15312.39369,-0.505484568,July,2017,6370.0,3,2,5
CB,1174.0,F&P,12778.701000000001,-0.505484568,July,2017,6370.0,1,2,5
NI,1176.0,T&R,1829345.763,0.196900441,July,2017,3492.0,2,6,5
NI,1180.0,F&P,23006.2933,-0.40753164399999997,July,2017,1174.0,2,2,5
AR,798.0,Others,433300.4573,2.20539035,June,2017,5288.0,0,5,6
OX,1114.0,F&P,10263.96946,-0.40753164399999997,June,2016,1174.0,3,2,6
OX,1114.0,F&P,10709.72853,-0.40753164399999997,June,2017,1174.0,3,2,6
NI,1131.0,T&R,21472.839969999997,-0.47065965200000004,June,2017,7577.0,2,6,6
NI,1143.0,F&P,17458.67663,-0.40753164399999997,June,2017,1174.0,2,2,6
NI,1156.0,T&R,944763.5411,0.336534719,June,2016,1386.0,2,6,6
NI,1156.0,T&R,2038173.215,0.336534719,June,2017,1386.0,2,6,6
OX,1173.0,F&P,30480.21393,-0.505484568,June,2017,6370.0,3,2,6
CB,1174.0,F&P,13510.635,-0.505484568,June,2017,6370.0,1,2,6
NI,1176.0,T&R,1986376.6730000002,0.196900441,June,2017,3492.0,2,6,6
NI,1180.0,F&P,8050.3634,-0.40753164399999997,June,2017,1174.0,2,2,6
AR,798.0,Others,411408.4809,2.20539035,May,2017,5288.0,0,5,8
OX,1114.0,F&P,10179.87635,-0.40753164399999997,May,2017,1174.0,3,2,8
OX,1114.0,F&P,94676.07444,-0.40753164399999997,May,2016,1174.0,3,2,8
NI,1156.0,T&R,2170125.828,0.336534719,May,2017,1386.0,2,6,8
OX,1173.0,F&P,25998.9645,-0.505484568,May,2017,6370.0,3,2,8
CB,1174.0,F&P,7224.85112,-0.505484568,May,2017,6370.0,1,2,8
NI,1176.0,T&R,2150117.185,0.196900441,May,2017,3492.0,2,6,8
NI,1180.0,F&P,15312.6339,-0.40753164399999997,May,2017,1174.0,2,2,8
AR,798.0,Others,393617.0658,2.20539035,April,2017,5288.0,0,5,0
OX,1114.0,F&P,9668.96221,-0.40753164399999997,April,2017,1174.0,3,2,0
OX,1114.0,F&P,20384.66477,-0.40753164399999997,April,2016,1174.0,3,2,0
NI,1156.0,T&R,2104564.747,0.336534719,April,2017,1386.0,2,6,0
NI,1176.0,T&R,2342649.0609999998,0.196900441,April,2017,3492.0,2,6,0
NI,1180.0,F&P,53420.43692,-0.40753164399999997,April,2017,1174.0,2,2,0
AR,798.0,Others,398972.901,2.20539035,March,2017,5288.0,0,5,7
OX,1114.0,F&P,10570.63084,-0.40753164399999997,March,2017,1174.0,3,2,7
NI,1156.0,T&R,2188200.688,0.336534719,March,2017,1386.0,2,6,7
NI,1176.0,T&R,2674686.98,0.196900441,March,2017,3492.0,2,6,7
AR,798.0,Others,386373.2987,2.20539035,February,2017,5288.0,0,5,3
OX,1114.0,F&P,10335.01099,-0.40753164399999997,February,2017,1174.0,3,2,3
NI,1156.0,T&R,526021.3565,0.336534719,February,2017,1386.0,2,6,3
NI,1176.0,T&R,3050404.195,0.196900441,February,2017,3492.0,2,6,3
AR,798.0,Others,419887.4375,2.20539035,January,2017,5288.0,0,5,4
AR,798.0,Others,487455.0647,2.20539035,January,2018,5288.0,0,5,4
OX,1114.0,F&P,9760.496861,-0.40753164399999997,January,2017,1174.0,3,2,4
OX,1114.0,F&P,1051621.568,-0.40753164399999997,January,2018,1174.0,3,2,4
NI,1131.0,T&R,132131.5219,-0.47065965200000004,January,2018,7577.0,2,6,4
NI,1143.0,F&P,0.0,-0.40753164399999997,January,2018,1174.0,2,2,4
NI,1156.0,T&R,1607057.417,0.336534719,January,2018,1386.0,2,6,4
OX,1173.0,F&P,8253.07866,-0.505484568,January,2018,6370.0,3,2,4
CB,1174.0,F&P,6177.6359999999995,-0.505484568,January,2018,6370.0,1,2,4
NI,1176.0,T&R,1111640.091,0.196900441,January,2017,3492.0,2,6,4
NI,1176.0,T&R,1323034.5320000001,0.196900441,January,2018,3492.0,2,6,4
NI,1180.0,F&P,5660.4466,-0.40753164399999997,January,2018,1174.0,2,2,4
