Date,Close
27/04/2013,134.21
28/04/2013,144.54
29/04/2013,139.00
30/04/2013,116.99
1/05/2013,105.21
2/05/2013,97.75
3/05/2013,112.50
4/05/2013,115.91
5/05/2013,112.30
6/05/2013,111.50
7/05/2013,113.57
8/05/2013,112.67
9/05/2013,117.20
10/05/2013,115.24
11/05/2013,115.00
12/05/2013,117.98
13/05/2013,111.50
14/05/2013,114.22
15/05/2013,118.76
16/05/2013,123.02
17/05/2013,123.50
18/05/2013,121.99
19/05/2013,122.00
20/05/2013,122.88
21/05/2013,123.89
22/05/2013,126.70
23/05/2013,133.20
24/05/2013,131.98
25/05/2013,133.48
26/05/2013,129.75
27/05/2013,129.00
28/05/2013,132.30
29/05/2013,128.80
30/05/2013,129.00
31/05/2013,129.30
1/06/2013,122.29
2/06/2013,122.22
3/06/2013,121.42
4/06/2013,121.65
5/06/2013,118.00
6/06/2013,111.50
7/06/2013,108.30
8/06/2013,100.00
9/06/2013,106.35
10/06/2013,108.90
11/06/2013,108.15
12/06/2013,104.00
13/06/2013,99.98
14/06/2013,99.99
15/06/2013,99.51
16/06/2013,101.70
17/06/2013,107.40
18/06/2013,108.25
19/06/2013,110.15
20/06/2013,109.50
21/06/2013,108.30
22/06/2013,107.60
23/06/2013,102.74
24/06/2013,103.95
25/06/2013,104.00
26/06/2013,101.44
27/06/2013,94.65
28/06/2013,94.99
29/06/2013,96.61
30/06/2013,88.05
1/07/2013,90.13
2/07/2013,77.53
3/07/2013,80.53
4/07/2013,68.43
5/07/2013,70.28
6/07/2013,74.56
7/07/2013,76.52
8/07/2013,76.69
9/07/2013,86.76
10/07/2013,88.98
11/07/2013,93.59
12/07/2013,98.13
13/07/2013,94.69
14/07/2013,98.40
15/07/2013,97.45
16/07/2013,98.50
17/07/2013,90.58
18/07/2013,92.17
19/07/2013,89.39
20/07/2013,90.76
21/07/2013,91.61
22/07/2013,95.56
23/07/2013,94.51
24/07/2013,96.90
25/07/2013,96.02
26/07/2013,94.12
27/07/2013,99.76
28/07/2013,101.20
29/07/2013,107.99
30/07/2013,106.09
31/07/2013,104.00
1/08/2013,104.50
2/08/2013,104.00
3/08/2013,105.14
4/08/2013,106.22
5/08/2013,106.75
6/08/2013,106.75
7/08/2013,103.00
8/08/2013,102.80
9/08/2013,103.00
10/08/2013,105.00
11/08/2013,106.64
12/08/2013,109.00
13/08/2013,112.56
14/08/2013,109.99
15/08/2013,108.99
16/08/2013,113.50
17/08/2013,113.50
18/08/2013,119.00
19/08/2013,121.20
20/08/2013,123.30
21/08/2013,121.15
22/08/2013,118.50
23/08/2013,120.05
24/08/2013,122.11
25/08/2013,120.06
26/08/2013,126.50
27/08/2013,122.62
28/08/2013,122.39
29/08/2013,133.49
30/08/2013,135.35
31/08/2013,138.34
1/09/2013,135.85
2/09/2013,136.77
3/09/2013,126.74
4/09/2013,126.43
5/09/2013,119.15
6/09/2013,124.15
7/09/2013,121.66
8/09/2013,127.11
9/09/2013,125.91
10/09/2013,135.25
11/09/2013,133.13
12/09/2013,134.98
13/09/2013,129.22
14/09/2013,130.37
15/09/2013,131.72
16/09/2013,131.66
17/09/2013,131.47
18/09/2013,129.65
19/09/2013,127.04
20/09/2013,127.43
21/09/2013,129.12
22/09/2013,125.95
23/09/2013,127.25
24/09/2013,128.22
25/09/2013,128.38
26/09/2013,133.78
27/09/2013,134.78
28/09/2013,137.34
29/09/2013,133.00
30/09/2013,132.18
1/10/2013,114.13
2/10/2013,123.63
3/10/2013,129.01
4/10/2013,128.55
5/10/2013,129.00
6/10/2013,126.94
7/10/2013,126.00
8/10/2013,130.69
9/10/2013,130.59
10/10/2013,130.90
11/10/2013,135.19
12/10/2013,138.13
13/10/2013,140.52
14/10/2013,145.24
15/10/2013,142.55
16/10/2013,146.25
17/10/2013,155.96
18/10/2013,172.42
19/10/2013,174.61
20/10/2013,182.21
21/10/2013,193.76
22/10/2013,213.62
23/10/2013,198.23
24/10/2013,186.69
25/10/2013,177.32
26/10/2013,196.44
27/10/2013,198.55
28/10/2013,204.39
29/10/2013,199.97
30/10/2013,204.00
31/10/2013,206.18
1/11/2013,206.22
2/11/2013,215.05
3/11/2013,229.10
4/11/2013,245.24
5/11/2013,262.50
6/11/2013,296.41
7/11/2013,338.11
8/11/2013,339.11
9/11/2013,326.62
10/11/2013,342.44
11/11/2013,360.33
12/11/2013,407.37
13/11/2013,420.20
14/11/2013,417.95
15/11/2013,440.22
16/11/2013,492.11
17/11/2013,703.56
18/11/2013,584.61
19/11/2013,590.83
20/11/2013,722.43
21/11/2013,771.44
22/11/2013,797.82
23/11/2013,774.25
24/11/2013,799.11
25/11/2013,928.10
26/11/2013,1001.96
27/11/2013,1031.95
28/11/2013,1131.97
29/11/2013,1129.43
30/11/2013,955.85
1/12/2013,1043.33
2/12/2013,1078.28
3/12/2013,1151.17
4/12/2013,1045.11
5/12/2013,829.45
6/12/2013,698.23
7/12/2013,795.87
8/12/2013,893.19
9/12/2013,988.51
10/12/2013,878.48
11/12/2013,873.26
12/12/2013,892.58
13/12/2013,872.60
14/12/2013,876.12
15/12/2013,705.97
16/12/2013,682.12
17/12/2013,522.70
18/12/2013,691.96
19/12/2013,625.32
20/12/2013,605.66
21/12/2013,617.18
22/12/2013,673.41
23/12/2013,665.58
24/12/2013,682.21
25/12/2013,761.98
26/12/2013,735.07
27/12/2013,727.83
28/12/2013,745.05
29/12/2013,756.13
30/12/2013,754.01
31/12/2013,771.40
1/01/2014,802.39
2/01/2014,818.72
3/01/2014,859.51
4/01/2014,933.53
5/01/2014,953.29
6/01/2014,802.00
7/01/2014,842.72
8/01/2014,846.86
9/01/2014,868.48
10/01/2014,913.95
11/01/2014,863.22
12/01/2014,841.20
13/01/2014,833.27
14/01/2014,860.90
15/01/2014,835.63
16/01/2014,814.64
17/01/2014,840.00
18/01/2014,870.96
19/01/2014,870.20
20/01/2014,863.91
21/01/2014,845.59
22/01/2014,822.04
23/01/2014,797.07
24/01/2014,853.61
25/01/2014,885.28
26/01/2014,771.39
27/01/2014,812.51
28/01/2014,826.00
29/01/2014,819.03
30/01/2014,829.92
31/01/2014,832.58
1/02/2014,825.37
2/02/2014,823.83
3/02/2014,827.96
4/02/2014,811.91
5/02/2014,781.55
6/02/2014,712.40
7/02/2014,673.92
8/02/2014,682.90
9/02/2014,681.03
10/02/2014,672.17
11/02/2014,651.72
12/02/2014,605.24
13/02/2014,661.99
14/02/2014,650.92
15/02/2014,616.63
16/02/2014,626.27
17/02/2014,626.60
18/02/2014,623.03
19/02/2014,556.14
20/02/2014,574.16
21/02/2014,605.42
22/02/2014,605.82
23/02/2014,546.32
24/02/2014,538.71
25/02/2014,582.69
26/02/2014,578.77
27/02/2014,549.26
28/02/2014,565.61
1/03/2014,559.79
2/03/2014,667.76
3/03/2014,666.78
4/03/2014,665.51
5/03/2014,663.86
6/03/2014,629.15
7/03/2014,617.45
8/03/2014,636.96
9/03/2014,627.79
10/03/2014,634.11
11/03/2014,632.10
12/03/2014,638.14
13/03/2014,628.80
14/03/2014,636.12
15/03/2014,631.11
16/03/2014,622.37
17/03/2014,614.83
18/03/2014,609.89
19/03/2014,588.77
20/03/2014,571.49
21/03/2014,565.04
22/03/2014,561.27
23/03/2014,583.41
24/03/2014,583.92
25/03/2014,580.83
26/03/2014,471.24
27/03/2014,495.67
28/03/2014,491.17
29/03/2014,460.27
30/03/2014,457.00
31/03/2014,478.38
1/04/2014,437.14
2/04/2014,444.72
3/04/2014,447.53
4/04/2014,461.91
5/04/2014,460.50
6/04/2014,449.42
7/04/2014,453.09
8/04/2014,442.73
9/04/2014,365.18
10/04/2014,420.95
11/04/2014,421.12
12/04/2014,414.06
13/04/2014,458.79
14/04/2014,515.59
15/04/2014,527.39
16/04/2014,495.96
17/04/2014,479.64
18/04/2014,501.56
19/04/2014,498.17
20/04/2014,495.77
21/04/2014,487.92
22/04/2014,491.30
23/04/2014,500.46
24/04/2014,461.45
25/04/2014,458.60
26/04/2014,436.39
27/04/2014,440.29
28/04/2014,447.21
29/04/2014,447.64
30/04/2014,457.76
1/05/2014,449.38
2/05/2014,437.76
3/05/2014,436.40
4/05/2014,433.48
5/05/2014,428.96
6/05/2014,438.82
7/05/2014,440.17
8/05/2014,449.46
9/05/2014,454.43
10/05/2014,438.89
11/05/2014,441.46
12/05/2014,440.67
13/05/2014,443.97
14/05/2014,447.25
15/05/2014,448.06
16/05/2014,448.90
17/05/2014,446.26
18/05/2014,446.18
19/05/2014,485.72
20/05/2014,491.77
21/05/2014,524.58
22/05/2014,520.22
23/05/2014,525.14
24/05/2014,571.59
25/05/2014,583.42
26/05/2014,571.24
27/05/2014,577.06
28/05/2014,568.18
29/05/2014,615.33
30/05/2014,623.68
31/05/2014,630.23
1/06/2014,660.62
2/06/2014,667.61
3/06/2014,641.61
4/06/2014,659.26
5/06/2014,653.70
6/06/2014,654.97
7/06/2014,656.14
8/06/2014,649.16
9/06/2014,653.15
10/06/2014,633.02
11/06/2014,586.95
12/06/2014,600.16
13/06/2014,577.36
14/06/2014,592.94
15/06/2014,592.19
16/06/2014,610.86
17/06/2014,607.96
18/06/2014,598.07
19/06/2014,594.15
20/06/2014,594.99
21/06/2014,602.27
22/06/2014,593.98
23/06/2014,582.36
24/06/2014,566.34
25/06/2014,581.14
26/06/2014,597.26
27/06/2014,596.55
28/06/2014,602.72
29/06/2014,639.80
30/06/2014,640.81
1/07/2014,650.88
2/07/2014,645.16
3/07/2014,630.69
4/07/2014,631.46
5/07/2014,635.81
6/07/2014,624.09
7/07/2014,624.82
8/07/2014,624.51
9/07/2014,616.76
10/07/2014,632.00
11/07/2014,633.71
12/07/2014,626.50
13/07/2014,619.32
14/07/2014,621.59
15/07/2014,616.80
16/07/2014,623.09
17/07/2014,628.78
18/07/2014,628.51
19/07/2014,623.90
20/07/2014,622.21
21/07/2014,621.55
22/07/2014,619.41
23/07/2014,601.73
24/07/2014,601.09
25/07/2014,595.81
26/07/2014,593.85
27/07/2014,585.69
28/07/2014,584.73
29/07/2014,567.29
30/07/2014,586.24
31/07/2014,594.92
1/08/2014,589.33
2/08/2014,586.67
3/08/2014,588.78
4/08/2014,585.44
5/08/2014,584.65
6/08/2014,588.87
7/08/2014,592.58
8/08/2014,589.37
9/08/2014,591.06
10/08/2014,576.37
11/08/2014,569.64
12/08/2014,546.66
13/08/2014,505.97
14/08/2014,497.01
15/08/2014,519.71
16/08/2014,491.80
17/08/2014,461.46
18/08/2014,485.25
19/08/2014,511.98
20/08/2014,517.24
21/08/2014,514.04
22/08/2014,498.07
23/08/2014,508.29
24/08/2014,502.50
25/08/2014,511.57
26/08/2014,511.15
27/08/2014,507.81
28/08/2014,508.52
29/08/2014,504.25
30/08/2014,477.76
31/08/2014,474.88
1/09/2014,477.43
2/09/2014,477.59
3/09/2014,489.66
4/09/2014,483.34
5/09/2014,484.83
6/09/2014,482.28
7/09/2014,474.60
8/09/2014,475.26
9/09/2014,479.36
10/09/2014,479.75
11/09/2014,477.75
12/09/2014,479.00
13/09/2014,477.89
14/09/2014,475.37
15/09/2014,466.06
16/09/2014,457.33
17/09/2014,424.44
18/09/2014,394.80
19/09/2014,408.90
20/09/2014,398.82
21/09/2014,402.15
22/09/2014,435.79
23/09/2014,423.20
24/09/2014,411.57
25/09/2014,404.43
26/09/2014,399.52
27/09/2014,377.18
28/09/2014,375.47
29/09/2014,386.94
30/09/2014,383.62
1/10/2014,375.07
2/10/2014,359.51
3/10/2014,328.87
4/10/2014,320.51
5/10/2014,330.08
6/10/2014,336.19
7/10/2014,352.94
8/10/2014,365.03
9/10/2014,361.56
10/10/2014,362.30
11/10/2014,378.55
12/10/2014,390.41
13/10/2014,400.87
14/10/2014,394.77
15/10/2014,382.56
16/10/2014,383.76
17/10/2014,391.44
18/10/2014,389.55
19/10/2014,382.85
20/10/2014,386.48
21/10/2014,383.16
22/10/2014,358.42
23/10/2014,358.35
24/10/2014,347.27
25/10/2014,354.70
26/10/2014,352.99
27/10/2014,357.62
28/10/2014,335.59
29/10/2014,345.31
30/10/2014,338.32
31/10/2014,325.75
1/11/2014,325.89
2/11/2014,327.55
3/11/2014,330.49
4/11/2014,339.49
5/11/2014,349.29
6/11/2014,342.42
7/11/2014,345.49
8/11/2014,363.26
9/11/2014,366.92
10/11/2014,367.69
11/11/2014,423.56
12/11/2014,420.74
13/11/2014,397.82
14/11/2014,376.13
15/11/2014,387.88
16/11/2014,387.41
17/11/2014,375.20
18/11/2014,380.56
19/11/2014,357.84
20/11/2014,350.85
21/11/2014,352.92
22/11/2014,367.57
23/11/2014,376.90
24/11/2014,375.35
25/11/2014,368.37
26/11/2014,369.67
27/11/2014,376.45
28/11/2014,375.49
29/11/2014,378.05
30/11/2014,379.25
1/12/2014,381.31
2/12/2014,375.01
3/12/2014,369.60
4/12/2014,376.85
5/12/2014,374.79
6/12/2014,375.10
7/12/2014,361.91
8/12/2014,352.22
9/12/2014,346.37
10/12/2014,350.51
11/12/2014,352.54
12/12/2014,347.38
13/12/2014,351.63
14/12/2014,345.35
15/12/2014,327.06
16/12/2014,319.78
17/12/2014,311.40
18/12/2014,317.84
19/12/2014,329.96
20/12/2014,320.84
21/12/2014,331.89
22/12/2014,334.57
23/12/2014,322.53
24/12/2014,319.01
25/12/2014,327.92
26/12/2014,315.86
27/12/2014,317.24
28/12/2014,312.67
29/12/2014,310.74
30/12/2014,320.19
31/12/2014,314.25
1/01/2015,315.03
2/01/2015,281.08
3/01/2015,264.19
4/01/2015,274.47
5/01/2015,286.19
6/01/2015,294.34
7/01/2015,283.35
8/01/2015,290.41
9/01/2015,274.80
10/01/2015,265.66
11/01/2015,267.80
12/01/2015,225.86
13/01/2015,178.10
14/01/2015,209.84
15/01/2015,208.10
16/01/2015,199.26
17/01/2015,210.34
18/01/2015,214.86
19/01/2015,211.31
20/01/2015,226.90
21/01/2015,233.41
22/01/2015,232.88
23/01/2015,247.85
24/01/2015,253.72
25/01/2015,273.47
26/01/2015,263.48
27/01/2015,233.91
28/01/2015,233.51
29/01/2015,226.43
30/01/2015,217.46
31/01/2015,226.97
1/02/2015,238.23
2/02/2015,227.27
3/02/2015,226.85
4/02/2015,217.11
5/02/2015,222.27
6/02/2015,227.75
7/02/2015,223.41
8/02/2015,220.11
9/02/2015,219.84
10/02/2015,219.19
11/02/2015,221.76
12/02/2015,235.43
13/02/2015,257.32
14/02/2015,234.82
15/02/2015,233.84
16/02/2015,243.61
17/02/2015,236.33
18/02/2015,240.28
19/02/2015,243.78
20/02/2015,244.53
21/02/2015,235.98
22/02/2015,238.89
23/02/2015,238.74
24/02/2015,237.47
25/02/2015,236.43
26/02/2015,253.83
27/02/2015,254.26
28/02/2015,260.20
1/03/2015,275.67
2/03/2015,281.70
3/03/2015,273.09
4/03/2015,276.18
5/03/2015,272.72
6/03/2015,276.26
7/03/2015,274.35
8/03/2015,289.61
9/03/2015,291.76
10/03/2015,296.38
11/03/2015,294.35
12/03/2015,285.34
13/03/2015,281.88
14/03/2015,286.39
15/03/2015,290.59
16/03/2015,285.50
17/03/2015,256.30
18/03/2015,260.93
19/03/2015,261.75
20/03/2015,260.02
21/03/2015,267.96
22/03/2015,266.74
23/03/2015,245.59
24/03/2015,246.20
25/03/2015,248.53
26/03/2015,247.03
27/03/2015,252.80
28/03/2015,242.71
29/03/2015,247.53
30/03/2015,244.22
31/03/2015,247.27
1/04/2015,253.00
2/04/2015,254.32
3/04/2015,253.70
4/04/2015,260.60
5/04/2015,255.49
6/04/2015,253.18
7/04/2015,245.02
8/04/2015,243.68
9/04/2015,236.07
10/04/2015,236.55
11/04/2015,236.15
12/04/2015,224.59
13/04/2015,219.16
14/04/2015,223.83
15/04/2015,228.57
16/04/2015,222.88
17/04/2015,223.36
18/04/2015,222.60
19/04/2015,224.63
20/04/2015,235.27
21/04/2015,234.18
22/04/2015,236.46
23/04/2015,231.27
24/04/2015,226.39
25/04/2015,219.43
26/04/2015,229.29
27/04/2015,225.85
28/04/2015,225.81
29/04/2015,236.15
30/04/2015,232.08
1/05/2015,234.93
2/05/2015,240.36
3/05/2015,239.02
4/05/2015,236.12
5/05/2015,229.78
6/05/2015,237.33
7/05/2015,243.86
8/05/2015,241.83
9/05/2015,240.30
10/05/2015,242.16
11/05/2015,241.11
12/05/2015,236.38
13/05/2015,236.93
14/05/2015,237.60
15/05/2015,236.15
16/05/2015,236.80
17/05/2015,233.13
18/05/2015,231.95
19/05/2015,234.02
20/05/2015,235.34
21/05/2015,240.35
22/05/2015,238.87
23/05/2015,240.95
24/05/2015,237.11
25/05/2015,237.12
26/05/2015,237.28
27/05/2015,237.41
28/05/2015,237.10
29/05/2015,233.34
30/05/2015,230.19
31/05/2015,222.93
1/06/2015,225.80
2/06/2015,225.87
3/06/2015,224.32
4/06/2015,224.95
5/06/2015,225.62
6/06/2015,222.88
7/06/2015,228.49
8/06/2015,229.05
9/06/2015,228.80
10/06/2015,229.71
11/06/2015,229.98
12/06/2015,232.40
13/06/2015,233.54
14/06/2015,236.82
15/06/2015,250.90
16/06/2015,249.28
17/06/2015,249.01
18/06/2015,244.61
19/06/2015,245.21
20/06/2015,243.94
21/06/2015,246.99
22/06/2015,244.30
23/06/2015,240.51
24/06/2015,242.80
25/06/2015,243.59
26/06/2015,250.99
27/06/2015,249.01
28/06/2015,257.06
29/06/2015,263.07
30/06/2015,258.62
1/07/2015,255.41
2/07/2015,256.34
3/07/2015,260.89
4/07/2015,271.91
5/07/2015,269.03
6/07/2015,266.21
7/07/2015,270.79
8/07/2015,269.23
9/07/2015,284.89
10/07/2015,293.12
11/07/2015,310.87
12/07/2015,292.05
13/07/2015,287.46
14/07/2015,285.83
15/07/2015,278.09
16/07/2015,279.47
17/07/2015,274.90
18/07/2015,273.61
19/07/2015,278.98
20/07/2015,275.83
21/07/2015,277.22
22/07/2015,276.05
23/07/2015,288.28
24/07/2015,288.70
25/07/2015,292.69
26/07/2015,293.62
27/07/2015,294.43
28/07/2015,289.59
29/07/2015,287.72
30/07/2015,284.65
31/07/2015,281.60
1/08/2015,282.61
2/08/2015,281.23
3/08/2015,285.22
4/08/2015,281.88
5/08/2015,278.58
6/08/2015,279.58
7/08/2015,261.00
8/08/2015,265.08
9/08/2015,264.47
10/08/2015,270.39
11/08/2015,266.38
12/08/2015,264.08
13/08/2015,265.68
14/08/2015,261.55
15/08/2015,258.51
16/08/2015,257.98
17/08/2015,211.08
18/08/2015,226.68
19/08/2015,235.35
20/08/2015,232.57
21/08/2015,230.39
22/08/2015,228.17
23/08/2015,210.50
24/08/2015,221.61
25/08/2015,225.83
26/08/2015,224.77
27/08/2015,231.40
28/08/2015,229.78
29/08/2015,228.76
30/08/2015,230.06
31/08/2015,228.12
1/09/2015,229.28
2/09/2015,227.18
3/09/2015,230.30
4/09/2015,235.02
5/09/2015,239.84
6/09/2015,239.85
7/09/2015,243.61
8/09/2015,238.17
9/09/2015,238.48
10/09/2015,240.11
11/09/2015,235.23
12/09/2015,230.51
13/09/2015,230.64
14/09/2015,230.30
15/09/2015,229.09
16/09/2015,229.81
17/09/2015,232.97
18/09/2015,231.49
19/09/2015,231.21
20/09/2015,227.09
21/09/2015,230.62
22/09/2015,230.28
23/09/2015,234.53
24/09/2015,235.14
25/09/2015,234.34
26/09/2015,232.76
27/09/2015,239.14
28/09/2015,236.69
29/09/2015,236.06
30/09/2015,237.55
1/10/2015,237.29
2/10/2015,238.73
3/10/2015,238.26
4/10/2015,240.38
5/10/2015,246.06
6/10/2015,242.97
7/10/2015,242.30
8/10/2015,243.93
9/10/2015,244.94
10/10/2015,247.05
11/10/2015,245.31
12/10/2015,249.51
13/10/2015,251.99
14/10/2015,254.32
15/10/2015,262.87
16/10/2015,270.64
17/10/2015,261.64
18/10/2015,263.44
19/10/2015,269.46
20/10/2015,266.27
21/10/2015,274.02
22/10/2015,276.50
23/10/2015,281.65
24/10/2015,283.68
25/10/2015,285.30
26/10/2015,293.79
27/10/2015,304.62
28/10/2015,313.86
29/10/2015,328.01
30/10/2015,314.17
31/10/2015,325.43
1/11/2015,361.19
2/11/2015,403.42
3/11/2015,411.56
4/11/2015,386.35
5/11/2015,374.47
6/11/2015,386.48
7/11/2015,373.37
8/11/2015,380.26
9/11/2015,336.82
10/11/2015,311.08
11/11/2015,338.15
12/11/2015,336.75
13/11/2015,332.91
14/11/2015,320.17
15/11/2015,330.75
16/11/2015,335.09
17/11/2015,334.59
18/11/2015,326.15
19/11/2015,322.02
20/11/2015,326.93
21/11/2015,324.54
22/11/2015,323.05
23/11/2015,320.05
24/11/2015,328.21
25/11/2015,352.68
26/11/2015,358.04
27/11/2015,357.38
28/11/2015,371.29
29/11/2015,377.32
30/11/2015,362.49
1/12/2015,359.19
2/12/2015,361.05
3/12/2015,363.18
4/12/2015,388.95
5/12/2015,388.78
6/12/2015,395.54
7/12/2015,415.56
8/12/2015,417.56
9/12/2015,415.48
10/12/2015,451.94
11/12/2015,435.00
12/12/2015,433.75
13/12/2015,444.18
14/12/2015,465.32
15/12/2015,454.93
16/12/2015,456.08
17/12/2015,463.62
18/12/2015,462.32
19/12/2015,442.69
20/12/2015,438.64
21/12/2015,436.57
22/12/2015,442.40
23/12/2015,454.99
24/12/2015,455.65
25/12/2015,417.27
26/12/2015,422.82
27/12/2015,422.28
28/12/2015,432.98
29/12/2015,426.62
30/12/2015,430.57
31/12/2015,434.33
1/01/2016,433.44
2/01/2016,430.01
3/01/2016,433.09
4/01/2016,431.96
5/01/2016,429.11
6/01/2016,458.05
7/01/2016,453.23
8/01/2016,447.61
9/01/2016,447.99
10/01/2016,448.43
11/01/2016,435.69
12/01/2016,432.37
13/01/2016,430.31
14/01/2016,364.33
15/01/2016,387.54
16/01/2016,382.30
17/01/2016,387.17
18/01/2016,380.15
19/01/2016,420.23
20/01/2016,410.26
21/01/2016,382.49
22/01/2016,387.49
23/01/2016,402.97
24/01/2016,391.73
25/01/2016,392.15
26/01/2016,394.97
27/01/2016,380.29
28/01/2016,379.47
29/01/2016,378.25
30/01/2016,368.77
31/01/2016,373.06
1/02/2016,374.45
2/02/2016,369.95
3/02/2016,389.59
4/02/2016,386.55
5/02/2016,376.52
6/02/2016,376.62
7/02/2016,373.45
8/02/2016,376.03
9/02/2016,381.65
10/02/2016,379.65
11/02/2016,384.26
12/02/2016,391.86
13/02/2016,407.23
14/02/2016,400.19
15/02/2016,407.49
16/02/2016,416.32
17/02/2016,422.37
18/02/2016,420.79
19/02/2016,437.16
20/02/2016,438.80
21/02/2016,437.75
22/02/2016,420.74
23/02/2016,424.95
24/02/2016,424.54
25/02/2016,432.15
26/02/2016,432.52
27/02/2016,433.50
28/02/2016,437.70
29/02/2016,435.12
1/03/2016,423.99
2/03/2016,421.65
3/03/2016,410.94
4/03/2016,400.57
5/03/2016,407.71
6/03/2016,414.32
7/03/2016,413.97
8/03/2016,414.86
9/03/2016,417.13
10/03/2016,421.69
11/03/2016,411.62
12/03/2016,414.06
13/03/2016,416.44
14/03/2016,416.83
15/03/2016,417.01
16/03/2016,420.62
17/03/2016,409.55
18/03/2016,410.44
19/03/2016,413.75
20/03/2016,413.31
21/03/2016,418.09
22/03/2016,418.04
23/03/2016,416.39
24/03/2016,417.18
25/03/2016,417.94
26/03/2016,426.76
27/03/2016,424.23
28/03/2016,416.52
29/03/2016,414.82
30/03/2016,416.73
31/03/2016,417.96
1/04/2016,420.87
2/04/2016,420.90
3/04/2016,421.44
4/04/2016,424.03
5/04/2016,423.41
6/04/2016,422.75
7/04/2016,420.35
8/04/2016,419.41
9/04/2016,421.56
10/04/2016,422.48
11/04/2016,425.19
12/04/2016,423.73
13/04/2016,424.28
14/04/2016,429.71
15/04/2016,430.57
16/04/2016,427.40
17/04/2016,428.59
18/04/2016,435.51
19/04/2016,441.39
20/04/2016,449.43
21/04/2016,445.74
22/04/2016,450.28
23/04/2016,458.56
24/04/2016,461.43
25/04/2016,466.09
26/04/2016,444.69
27/04/2016,449.01
28/04/2016,455.10
29/04/2016,448.32
30/04/2016,451.88
1/05/2016,444.67
2/05/2016,450.30
3/05/2016,446.72
4/05/2016,447.98
5/05/2016,459.60
6/05/2016,458.54
7/05/2016,458.55
8/05/2016,460.48
9/05/2016,450.89
10/05/2016,452.73
11/05/2016,454.77
12/05/2016,455.67
13/05/2016,455.67
14/05/2016,457.57
15/05/2016,454.16
16/05/2016,453.78
17/05/2016,454.62
18/05/2016,438.71
19/05/2016,442.68
20/05/2016,443.19
21/05/2016,439.32
22/05/2016,444.15
23/05/2016,445.98
24/05/2016,449.60
25/05/2016,453.38
26/05/2016,473.46
27/05/2016,530.04
28/05/2016,526.23
29/05/2016,533.86
30/05/2016,531.39
31/05/2016,536.92
1/06/2016,537.97
2/06/2016,569.19
3/06/2016,572.73
4/06/2016,574.98
5/06/2016,585.54
6/06/2016,576.60
7/06/2016,581.64
8/06/2016,574.63
9/06/2016,577.47
10/06/2016,606.73
11/06/2016,672.78
12/06/2016,704.38
13/06/2016,685.56
14/06/2016,694.47
15/06/2016,766.31
16/06/2016,748.91
17/06/2016,756.23
18/06/2016,763.78
19/06/2016,737.23
20/06/2016,666.65
21/06/2016,596.12
22/06/2016,623.98
23/06/2016,665.30
24/06/2016,665.12
25/06/2016,629.37
26/06/2016,655.27
27/06/2016,647.00
28/06/2016,639.89
29/06/2016,673.34
30/06/2016,676.30
1/07/2016,703.70
2/07/2016,658.66
3/07/2016,683.66
4/07/2016,670.63
5/07/2016,677.33
6/07/2016,640.56
7/07/2016,666.52
8/07/2016,650.96
9/07/2016,649.36
10/07/2016,647.66
11/07/2016,664.55
12/07/2016,654.47
13/07/2016,658.08
14/07/2016,663.25
15/07/2016,660.77
16/07/2016,679.46
17/07/2016,673.11
18/07/2016,672.86
19/07/2016,665.68
20/07/2016,665.01
21/07/2016,650.62
22/07/2016,655.56
23/07/2016,661.28
24/07/2016,654.10
25/07/2016,651.78
26/07/2016,654.35
27/07/2016,655.03
28/07/2016,656.99
29/07/2016,655.05
30/07/2016,624.68
31/07/2016,606.27
1/08/2016,547.47
2/08/2016,566.36
3/08/2016,578.29
4/08/2016,575.04
5/08/2016,587.78
6/08/2016,592.69
7/08/2016,591.05
8/08/2016,587.80
9/08/2016,592.10
10/08/2016,589.12
11/08/2016,587.56
12/08/2016,585.59
13/08/2016,570.47
14/08/2016,567.24
15/08/2016,577.44
16/08/2016,573.22
17/08/2016,574.32
18/08/2016,575.63
19/08/2016,581.70
20/08/2016,581.31
21/08/2016,586.75
22/08/2016,583.41
23/08/2016,580.18
24/08/2016,577.76
25/08/2016,579.65
26/08/2016,569.95
27/08/2016,573.91
28/08/2016,574.11
29/08/2016,577.50
30/08/2016,575.47
31/08/2016,572.30
1/09/2016,575.54
2/09/2016,598.21
3/09/2016,608.63
4/09/2016,606.59
5/09/2016,610.44
6/09/2016,614.54
7/09/2016,626.32
8/09/2016,622.86
9/09/2016,623.51
10/09/2016,606.72
11/09/2016,608.24
12/09/2016,609.24
13/09/2016,610.68
14/09/2016,607.15
15/09/2016,606.97
16/09/2016,605.98
17/09/2016,609.87
18/09/2016,609.23
19/09/2016,608.31
20/09/2016,597.15
21/09/2016,596.30
22/09/2016,602.84
23/09/2016,602.63
24/09/2016,600.83
25/09/2016,608.04
26/09/2016,606.17
27/09/2016,604.73
28/09/2016,605.69
29/09/2016,609.74
30/09/2016,613.98
1/10/2016,610.89
2/10/2016,612.13
3/10/2016,610.20
4/10/2016,612.51
5/10/2016,613.02
6/10/2016,617.12
7/10/2016,619.11
8/10/2016,616.75
9/10/2016,618.99
10/10/2016,641.07
11/10/2016,636.19
12/10/2016,636.79
13/10/2016,640.38
14/10/2016,638.65
15/10/2016,641.63
16/10/2016,639.19
17/10/2016,637.96
18/10/2016,630.52
19/10/2016,630.86
20/10/2016,632.83
21/10/2016,657.29
22/10/2016,657.07
23/10/2016,653.76
24/10/2016,657.59
25/10/2016,678.30
26/10/2016,688.31
27/10/2016,689.65
28/10/2016,714.48
29/10/2016,701.86
30/10/2016,700.97
31/10/2016,729.79
1/11/2016,740.83
2/11/2016,688.70
3/11/2016,703.24
4/11/2016,703.42
5/11/2016,711.52
6/11/2016,703.13
7/11/2016,709.85
8/11/2016,723.27
9/11/2016,715.53
10/11/2016,716.41
11/11/2016,705.05
12/11/2016,702.03
13/11/2016,705.02
14/11/2016,711.62
15/11/2016,744.20
16/11/2016,740.98
17/11/2016,751.59
18/11/2016,751.62
19/11/2016,731.03
20/11/2016,739.25
21/11/2016,751.35
22/11/2016,744.59
23/11/2016,740.29
24/11/2016,741.65
25/11/2016,735.38
26/11/2016,732.03
27/11/2016,735.81
28/11/2016,735.60
29/11/2016,745.69
30/11/2016,756.77
1/12/2016,777.94
2/12/2016,771.15
3/12/2016,773.87
4/12/2016,758.70
5/12/2016,764.22
6/12/2016,768.13
7/12/2016,770.81
8/12/2016,772.79
9/12/2016,774.65
10/12/2016,769.73
11/12/2016,780.09
12/12/2016,780.56
13/12/2016,781.48
14/12/2016,778.09
15/12/2016,784.91
16/12/2016,790.83
17/12/2016,790.53
18/12/2016,792.71
19/12/2016,800.88
20/12/2016,834.28
21/12/2016,864.54
22/12/2016,921.98
23/12/2016,898.82
24/12/2016,896.18
25/12/2016,907.61
26/12/2016,933.20
27/12/2016,975.92
28/12/2016,973.50
29/12/2016,961.24
30/12/2016,963.74
31/12/2016,998.33
1/01/2017,1021.75
2/01/2017,1043.84
3/01/2017,1154.73
4/01/2017,1013.38
5/01/2017,902.20
6/01/2017,908.59
7/01/2017,911.20
8/01/2017,902.83
9/01/2017,907.68
10/01/2017,777.76
11/01/2017,804.83
12/01/2017,823.98
13/01/2017,818.41
14/01/2017,821.80
15/01/2017,831.53
16/01/2017,907.94
17/01/2017,886.62
18/01/2017,899.07
19/01/2017,895.03
20/01/2017,921.79
21/01/2017,924.67
22/01/2017,921.01
23/01/2017,892.69
24/01/2017,901.54
25/01/2017,917.59
26/01/2017,919.75
27/01/2017,921.59
28/01/2017,919.50
29/01/2017,920.38
30/01/2017,970.40
31/01/2017,989.02
1/02/2017,1011.80
2/02/2017,1029.91
3/02/2017,1042.90
4/02/2017,1027.34
5/02/2017,1038.15
6/02/2017,1061.35
7/02/2017,1063.07
8/02/2017,994.38
9/02/2017,988.67
10/02/2017,1004.45
11/02/2017,999.18
12/02/2017,990.64
13/02/2017,1004.55
14/02/2017,1007.48
15/02/2017,1027.44
16/02/2017,1046.21
17/02/2017,1054.42
18/02/2017,1047.87
19/02/2017,1079.98
20/02/2017,1115.30
21/02/2017,1117.44
22/02/2017,1166.72
23/02/2017,1173.68
24/02/2017,1143.84
25/02/2017,1165.20
26/02/2017,1179.97
27/02/2017,1179.97
28/02/2017,1222.50
1/03/2017,1251.01
2/03/2017,1274.99
3/03/2017,1255.15
4/03/2017,1267.12
5/03/2017,1272.83
6/03/2017,1223.54
7/03/2017,1150.00
8/03/2017,1188.49
9/03/2017,1116.72
10/03/2017,1175.83
11/03/2017,1221.38
12/03/2017,1231.92
13/03/2017,1240.00
14/03/2017,1249.61
15/03/2017,1187.81
16/03/2017,1100.23
17/03/2017,973.82
18/03/2017,1036.74
19/03/2017,1054.23
20/03/2017,1120.54
21/03/2017,1049.14
22/03/2017,1038.59
23/03/2017,937.52
24/03/2017,972.78
25/03/2017,966.73
26/03/2017,1045.77
27/03/2017,1047.15
28/03/2017,1039.97
29/03/2017,1026.43
30/03/2017,1071.79
31/03/2017,1080.50
1/04/2017,1102.17
2/04/2017,1143.81
3/04/2017,1133.25
4/04/2017,1124.78
5/04/2017,1182.68
6/04/2017,1176.90
7/04/2017,1175.95
8/04/2017,1187.87
9/04/2017,1187.13
10/04/2017,1205.01
11/04/2017,1200.37
12/04/2017,1169.28
13/04/2017,1167.54
14/04/2017,1172.52
15/04/2017,1182.94
16/04/2017,1193.91
17/04/2017,1211.67
18/04/2017,1210.29
19/04/2017,1229.08
20/04/2017,1222.05
21/04/2017,1231.71
22/04/2017,1207.21
23/04/2017,1250.15
24/04/2017,1265.49
25/04/2017,1281.08
26/04/2017,1317.73
27/04/2017,1316.48
28/04/2017,1321.79
29/04/2017,1347.89
30/04/2017,1421.60
1/05/2017,1452.82
2/05/2017,1490.09
3/05/2017,1537.67
4/05/2017,1555.45
5/05/2017,1578.80
6/05/2017,1596.71
7/05/2017,1723.35
8/05/2017,1755.36
9/05/2017,1787.13
10/05/2017,1848.57
11/05/2017,1724.24
12/05/2017,1804.91
13/05/2017,1808.91
14/05/2017,1738.43
15/05/2017,1734.45
16/05/2017,1839.09
17/05/2017,1888.65
18/05/2017,1987.71
19/05/2017,2084.73
20/05/2017,2041.20
21/05/2017,2173.40
22/05/2017,2320.42
23/05/2017,2443.64
24/05/2017,2304.98
25/05/2017,2202.42
26/05/2017,2038.87
27/05/2017,2155.80
28/05/2017,2255.61
29/05/2017,2175.47
30/05/2017,2286.41
31/05/2017,2407.88
1/06/2017,2488.55
2/06/2017,2515.35
3/06/2017,2511.81
4/06/2017,2686.81
5/06/2017,2863.20
6/06/2017,2732.16
7/06/2017,2805.62
8/06/2017,2823.81
9/06/2017,2947.71
10/06/2017,2958.11
11/06/2017,2659.63
12/06/2017,2717.02
13/06/2017,2506.37
14/06/2017,2464.58
15/06/2017,2518.56
16/06/2017,2655.88
17/06/2017,2548.29
18/06/2017,2589.60
19/06/2017,2721.79
20/06/2017,2689.10
21/06/2017,2705.41
22/06/2017,2744.91
23/06/2017,2608.72
24/06/2017,2589.41
25/06/2017,2478.45
26/06/2017,2552.45
27/06/2017,2574.79
28/06/2017,2539.32
29/06/2017,2480.84
30/06/2017,2434.55
1/07/2017,2506.47
2/07/2017,2564.06
3/07/2017,2601.64
4/07/2017,2601.99
5/07/2017,2608.56
6/07/2017,2518.66
7/07/2017,2571.34
8/07/2017,2518.44
9/07/2017,2372.56
10/07/2017,2337.79
11/07/2017,2398.84
12/07/2017,2357.90
13/07/2017,2233.34
14/07/2017,1998.86
15/07/2017,1929.82
16/07/2017,2228.41
17/07/2017,2318.88
18/07/2017,2273.43
19/07/2017,2817.60
20/07/2017,2667.76
21/07/2017,2810.12
22/07/2017,2730.40
23/07/2017,2754.86
24/07/2017,2576.48
25/07/2017,2529.45
26/07/2017,2671.78
27/07/2017,2809.01
28/07/2017,2726.45
29/07/2017,2757.18
30/07/2017,2875.34
31/07/2017,2718.26
1/08/2017,2710.67
2/08/2017,2804.73
3/08/2017,2895.89
4/08/2017,3252.91
5/08/2017,3213.94
6/08/2017,3378.94
7/08/2017,3419.94
8/08/2017,3342.47
9/08/2017,3381.28
10/08/2017,3650.62
11/08/2017,3884.71
12/08/2017,4073.26
13/08/2017,4325.13
14/08/2017,4181.93
15/08/2017,4376.63
16/08/2017,4331.69
17/08/2017,4160.62
18/08/2017,4193.70
19/08/2017,4087.66
20/08/2017,4001.74
21/08/2017,4100.52
22/08/2017,4151.52
23/08/2017,4334.68
24/08/2017,4371.60
25/08/2017,4352.40
26/08/2017,4382.88
27/08/2017,4382.66
28/08/2017,4579.02
29/08/2017,4565.30
30/08/2017,4703.39
31/08/2017,4892.01
1/09/2017,4578.77
2/09/2017,4582.96
3/09/2017,4236.31
4/09/2017,4376.53
5/09/2017,4597.12
6/09/2017,4599.88
7/09/2017,4228.75
8/09/2017,4226.06
9/09/2017,4122.94
10/09/2017,4161.27
11/09/2017,4130.81
12/09/2017,3882.59
13/09/2017,3154.95
14/09/2017,3637.52
15/09/2017,3625.04
16/09/2017,3582.88
17/09/2017,4065.20
18/09/2017,3924.97
19/09/2017,3905.95
20/09/2017,3631.04
21/09/2017,3630.70
22/09/2017,3792.40
23/09/2017,3682.84
24/09/2017,3926.07
25/09/2017,3892.35
26/09/2017,4200.67
27/09/2017,4174.73
28/09/2017,4163.07
29/09/2017,4338.71
30/09/2017,4403.74
1/10/2017,4409.32
2/10/2017,4317.48
3/10/2017,4229.36
4/10/2017,4328.41
5/10/2017,4370.81
6/10/2017,4426.89
7/10/2017,4610.48
8/10/2017,4772.02
9/10/2017,4781.99
10/10/2017,4826.48
11/10/2017,5446.91
12/10/2017,5647.21
13/10/2017,5831.79
14/10/2017,5678.19
15/10/2017,5725.59
16/10/2017,5605.51
17/10/2017,5590.69
18/10/2017,5708.52
19/10/2017,6011.45
20/10/2017,6031.60
21/10/2017,6008.42
22/10/2017,5930.32
23/10/2017,5526.64
24/10/2017,5750.80
25/10/2017,5904.83
26/10/2017,5780.90
27/10/2017,5753.09
28/10/2017,6153.85
29/10/2017,6130.53
30/10/2017,6468.40
31/10/2017,6767.31
1/11/2017,7078.50
2/11/2017,7207.76
3/11/2017,7379.95
4/11/2017,7407.41
5/11/2017,7022.76
6/11/2017,7144.38
7/11/2017,7459.69
8/11/2017,7143.58
9/11/2017,6618.14
10/11/2017,6357.60
11/11/2017,5950.07
12/11/2017,6559.49
13/11/2017,6635.75
14/11/2017,7315.54
15/11/2017,7871.69
16/11/2017,7708.99
17/11/2017,7790.15
18/11/2017,8036.49
19/11/2017,8200.64
20/11/2017,8071.26
21/11/2017,8253.55
22/11/2017,8038.77
23/11/2017,8253.69
24/11/2017,8790.92
25/11/2017,9330.55
26/11/2017,9818.35
27/11/2017,10058.80
28/11/2017,9888.61
29/11/2017,10233.60
30/11/2017,10975.60
1/12/2017,11074.60
2/12/2017,11323.20
3/12/2017,11657.20
4/12/2017,11916.70
5/12/2017,14291.50
6/12/2017,17899.70
7/12/2017,16569.40
8/12/2017,15178.20
9/12/2017,15455.40
10/12/2017,16936.80
11/12/2017,17415.40
12/12/2017,16408.20
13/12/2017,16564.00
14/12/2017,17706.90
15/12/2017,19497.40
16/12/2017,19140.80
17/12/2017,19114.20
18/12/2017,17776.70
19/12/2017,16624.60
20/12/2017,15802.90
21/12/2017,13831.80
22/12/2017,14699.20
23/12/2017,13925.80
24/12/2017,14026.60
25/12/2017,16099.80
26/12/2017,15838.50
27/12/2017,14606.50
28/12/2017,14656.20
29/12/2017,12952.20
30/12/2017,14156.40
31/12/2017,13657.20
1/01/2018,14982.10
2/01/2018,15201.00
3/01/2018,15599.20
4/01/2018,17429.50
5/01/2018,17527.00
6/01/2018,16477.60
7/01/2018,15170.10
8/01/2018,14595.40
9/01/2018,14973.30
10/01/2018,13405.80
11/01/2018,13980.60
12/01/2018,14360.20
13/01/2018,13772.00
14/01/2018,13819.80
15/01/2018,11490.50
16/01/2018,11188.60
17/01/2018,11474.90
18/01/2018,11607.40
19/01/2018,12899.20
20/01/2018,11600.10
21/01/2018,10931.40
22/01/2018,10868.40
23/01/2018,11359.40
24/01/2018,11259.40
25/01/2018,11171.40
26/01/2018,11440.70
27/01/2018,11786.30
28/01/2018,11296.40
29/01/2018,10106.30
30/01/2018,10221.10
31/01/2018,9170.54
1/02/2018,8830.75
2/02/2018,9174.91
3/02/2018,8277.01
4/02/2018,6955.27
5/02/2018,7754.00
6/02/2018,7621.30
7/02/2018,8265.59
8/02/2018,8736.98
9/02/2018,8621.90
10/02/2018,8129.97
11/02/2018,8926.57
12/02/2018,8598.31
13/02/2018,9494.63
14/02/2018,10166.40
15/02/2018,10233.90
16/02/2018,11112.70
17/02/2018,10551.80
18/02/2018,11225.30
19/02/2018,11403.70
20/02/2018,10690.40
21/02/2018,10005.00
22/02/2018,10301.10
23/02/2018,9813.07
24/02/2018,9664.73
25/02/2018,10366.70
26/02/2018,10725.60
27/02/2018,10397.90
28/02/2018,10951.00
1/03/2018,11086.40
2/03/2018,11489.70
3/03/2018,11512.60
4/03/2018,11512.60
5/03/2018,11573.30
6/03/2018,10779.90
7/03/2018,9965.57
8/03/2018,9395.01
9/03/2018,9337.55
10/03/2018,8866.00
11/03/2018,9578.63
12/03/2018,9205.12
13/03/2018,9194.85
14/03/2018,8269.81
15/03/2018,8300.86
16/03/2018,8338.35
17/03/2018,7916.88
18/03/2018,8223.68
19/03/2018,8630.65
20/03/2018,8913.47
21/03/2018,8929.28
22/03/2018,8728.47
23/03/2018,8879.62
24/03/2018,8668.12
25/03/2018,8495.78
26/03/2018,8209.40
27/03/2018,7833.04
28/03/2018,7954.48
29/03/2018,7165.70
30/03/2018,6890.52
31/03/2018,6973.53
1/04/2018,6844.23
2/04/2018,7083.80
3/04/2018,7456.11
4/04/2018,6853.84
5/04/2018,6811.47
6/04/2018,6636.32
7/04/2018,6911.09
8/04/2018,7023.52
9/04/2018,6770.73
10/04/2018,6834.76
11/04/2018,6968.32
12/04/2018,7889.25
13/04/2018,7895.96
14/04/2018,7986.24
15/04/2018,8329.11
16/04/2018,8058.67
17/04/2018,7902.09
18/04/2018,8163.42
19/04/2018,8294.31
20/04/2018,8845.83
21/04/2018,8895.58
22/04/2018,8802.46
23/04/2018,8930.88
24/04/2018,9697.50
25/04/2018,8845.74
26/04/2018,9281.51
27/04/2018,8987.05
28/04/2018,9348.48
29/04/2018,9419.08
30/04/2018,9240.55
1/05/2018,9119.01
2/05/2018,9235.92
3/05/2018,9743.86
4/05/2018,9700.76
5/05/2018,9858.15
6/05/2018,9654.80
7/05/2018,9373.01
8/05/2018,9234.82
9/05/2018,9325.18
10/05/2018,9043.94
11/05/2018,8441.49
12/05/2018,8504.89
13/05/2018,8723.94
14/05/2018,8716.79
15/05/2018,8510.38
16/05/2018,8368.83
17/05/2018,8094.32
18/05/2018,8250.97
19/05/2018,8247.18
20/05/2018,8513.25
21/05/2018,8418.99
22/05/2018,8041.78
23/05/2018,7557.82
24/05/2018,7587.34
25/05/2018,7480.14
26/05/2018,7355.88
27/05/2018,7368.22
28/05/2018,7135.99
29/05/2018,7472.59
30/05/2018,7406.52
31/05/2018,7494.17
1/06/2018,7541.45
2/06/2018,7643.45
3/06/2018,7720.25
4/06/2018,7514.47
5/06/2018,7633.76
6/06/2018,7653.98
7/06/2018,7678.24
8/06/2018,7624.92
9/06/2018,7531.98
10/06/2018,6786.02
11/06/2018,6906.92
12/06/2018,6582.36
13/06/2018,6349.90
14/06/2018,6675.35
15/06/2018,6456.58
16/06/2018,6550.16
17/06/2018,6499.27
18/06/2018,6734.82
19/06/2018,6769.94
20/06/2018,6776.55
21/06/2018,6729.74
22/06/2018,6083.69
23/06/2018,6162.48
24/06/2018,6173.23
25/06/2018,6249.18
26/06/2018,6093.67
27/06/2018,6157.13
28/06/2018,5903.44
29/06/2018,6218.30
30/06/2018,6404.00
1/07/2018,6385.82
2/07/2018,6614.18
3/07/2018,6529.59
4/07/2018,6597.55
5/07/2018,6639.14
6/07/2018,6673.50
7/07/2018,6856.93
8/07/2018,6773.88
9/07/2018,6741.75
10/07/2018,6329.95
11/07/2018,6394.71
12/07/2018,6228.81
13/07/2018,6238.05
14/07/2018,6276.12
15/07/2018,6359.64
16/07/2018,6741.75
17/07/2018,7321.04
18/07/2018,7370.78
19/07/2018,7466.86
20/07/2018,7354.13
21/07/2018,7419.29
22/07/2018,7418.49
23/07/2018,7711.11
24/07/2018,8424.27
25/07/2018,8181.39
26/07/2018,7951.58
27/07/2018,8165.01
28/07/2018,8192.15
29/07/2018,8218.46
30/07/2018,8180.48
31/07/2018,7780.44
1/08/2018,7624.91
2/08/2018,7567.15
3/08/2018,7434.39
4/08/2018,7032.85
5/08/2018,7068.48
6/08/2018,6951.80
7/08/2018,6753.12
8/08/2018,6305.80
9/08/2018,6568.23
10/08/2018,6184.71
11/08/2018,6295.73
12/08/2018,6322.69
13/08/2018,6297.57
14/08/2018,6199.71
15/08/2018,6308.52
16/08/2018,6334.73
17/08/2018,6580.63
18/08/2018,6423.76
19/08/2018,6506.07
20/08/2018,6308.53
21/08/2018,6488.76
22/08/2018,6376.71
23/08/2018,6534.88
24/08/2018,6719.96
25/08/2018,6763.19
26/08/2018,6707.26
27/08/2018,6884.64
28/08/2018,7096.28
29/08/2018,7047.16
30/08/2018,6978.23
31/08/2018,7037.58
1/09/2018,7193.25
2/09/2018,7272.72
3/09/2018,7260.06
4/09/2018,7361.66
5/09/2018,6792.83
6/09/2018,6529.17
7/09/2018,6467.07
8/09/2018,6225.98
9/09/2018,6300.86
10/09/2018,6329.70
11/09/2018,6321.20
12/09/2018,6351.80
13/09/2018,6517.31
14/09/2018,6512.71
15/09/2018,6543.20
16/09/2018,6517.18
17/09/2018,6281.20
18/09/2018,6371.30
19/09/2018,6398.54
20/09/2018,6519.67
21/09/2018,6734.95
22/09/2018,6721.98
23/09/2018,6710.63
24/09/2018,6595.41
25/09/2018,6446.47
26/09/2018,6495.00
27/09/2018,6676.75
28/09/2018,6644.13
29/09/2018,6601.96
30/09/2018,6625.56
1/10/2018,6589.62
2/10/2018,6556.10
3/10/2018,6502.59
4/10/2018,6576.69
5/10/2018,6622.48
6/10/2018,6588.31
7/10/2018,6602.95
8/10/2018,6652.23
9/10/2018,6642.64
10/10/2018,6585.53
11/10/2018,6256.24
12/10/2018,6274.58
13/10/2018,6285.99
14/10/2018,6290.93
15/10/2018,6596.54
16/10/2018,6596.11
17/10/2018,6544.43
18/10/2018,6476.71
19/10/2018,6465.41
20/10/2018,6489.19
21/10/2018,6482.35
22/10/2018,6487.16
23/10/2018,6475.74
24/10/2018,6495.84
25/10/2018,6476.29
26/10/2018,6474.75
27/10/2018,6480.38
28/10/2018,6486.39
29/10/2018,6332.63
30/10/2018,6334.27
31/10/2018,6317.61
1/11/2018,6377.78
2/11/2018,6388.44
3/11/2018,6361.26
4/11/2018,6376.13
5/11/2018,6419.66
6/11/2018,6461.01
7/11/2018,6530.14
8/11/2018,6453.72
9/11/2018,6385.62
10/11/2018,6409.22
11/11/2018,6411.27
12/11/2018,6371.27
13/11/2018,6359.49
14/11/2018,5738.35
15/11/2018,5648.03
16/11/2018,5575.55
17/11/2018,5554.33
18/11/2018,5623.54
19/11/2018,4871.49
20/11/2018,4451.87
21/11/2018,4602.17
22/11/2018,4365.94
23/11/2018,4347.11
24/11/2018,3880.76
25/11/2018,4009.97
26/11/2018,3779.13
27/11/2018,3820.72
28/11/2018,4257.42
29/11/2018,4278.85
30/11/2018,4017.27
1/12/2018,4214.67
2/12/2018,4139.88
3/12/2018,3894.13
4/12/2018,3956.89
5/12/2018,3753.99
6/12/2018,3521.10
7/12/2018,3419.94
8/12/2018,3476.11
9/12/2018,3614.23
10/12/2018,3502.66
11/12/2018,3424.59
12/12/2018,3486.95
13/12/2018,3313.68
14/12/2018,3242.48
15/12/2018,3236.76
16/12/2018,3252.84
17/12/2018,3545.86
18/12/2018,3696.06
19/12/2018,3745.95
20/12/2018,4134.44
21/12/2018,3896.54
22/12/2018,4014.18
23/12/2018,3998.98
24/12/2018,4078.60
25/12/2018,3815.49
26/12/2018,3857.30
27/12/2018,3654.83
28/12/2018,3923.92
29/12/2018,3820.41
30/12/2018,3865.95
31/12/2018,3742.70
1/01/2019,3843.52
2/01/2019,3943.41
3/01/2019,3836.74
4/01/2019,3857.72
5/01/2019,3845.19
6/01/2019,4076.63
7/01/2019,4025.25
8/01/2019,4030.85
9/01/2019,4035.30
10/01/2019,3678.92
11/01/2019,3687.37
12/01/2019,3661.30
13/01/2019,3552.95
14/01/2019,3706.05
15/01/2019,3630.68
16/01/2019,3655.01
17/01/2019,3678.56
18/01/2019,3657.84
19/01/2019,3728.57
20/01/2019,3601.01
21/01/2019,3576.03
22/01/2019,3604.58
23/01/2019,3585.12
24/01/2019,3600.87
25/01/2019,3599.77
26/01/2019,3602.46
27/01/2019,3583.97
28/01/2019,3470.45
29/01/2019,3448.12
30/01/2019,3486.18
31/01/2019,3457.79
1/02/2019,3487.95
2/02/2019,3521.06
3/02/2019,3464.01
4/02/2019,3459.15
5/02/2019,3466.36
6/02/2019,3413.77
7/02/2019,3399.47
8/02/2019,3666.78
9/02/2019,3671.20
10/02/2019,3690.19
11/02/2019,3648.43
12/02/2019,3653.53
13/02/2019,3632.07
14/02/2019,3616.88
15/02/2019,3620.81
16/02/2019,3629.79
17/02/2019,3673.84
18/02/2019,3915.71
19/02/2019,3947.09
20/02/2019,3999.82
21/02/2019,3954.12
22/02/2019,4005.53
23/02/2019,4142.53
24/02/2019,3810.43
